method,bootstrap,baseline_resolution,improved_resolution,delta,ratio
documented_corrected_lifetime,0,0.06453765314081977,0.050656846636861486,-0.013880806503958287,0.7849192552187997
documented_corrected_lifetime,1,0.06366415250607381,0.04945399257831363,-0.014210159927760181,0.7767949565274669
documented_corrected_lifetime,2,0.06539104748740816,0.05231088004128715,-0.013080167446121012,0.7999700578486718
documented_corrected_lifetime,3,0.0641630568451631,0.04988579590024395,-0.01427726094491915,0.7774847139940242
documented_corrected_lifetime,4,0.0638757547552225,0.04972878466818262,-0.014146970087039884,0.7785236332431247
documented_corrected_lifetime,5,0.06115257808478927,0.04881697975493595,-0.012335598329853321,0.7982816306983858
documented_corrected_lifetime,6,0.06133026024956454,0.05036102441778471,-0.010969235831779833,0.8211448021393694
documented_corrected_lifetime,7,0.06380552661045771,0.05079682840394557,-0.013008698206512147,0.7961195699248406
documented_corrected_lifetime,8,0.06333760801164652,0.050871680408824,-0.012465927602822523,0.8031828483240118
documented_corrected_lifetime,9,0.06285613112457615,0.048420757607868216,-0.014435373516707935,0.7703426339095211
documented_corrected_lifetime,10,0.06470609118435032,0.051057321307115655,-0.013648769877234665,0.7890651463036338
documented_corrected_lifetime,11,0.06436904478809884,0.05187256442173691,-0.012496480366361924,0.8058619572886315
documented_corrected_lifetime,12,0.0655988713605894,0.050222080747520985,-0.01537679061306841,0.7655936711388832
documented_corrected_lifetime,13,0.06610106994887756,0.050419638286376,-0.015681431662501556,0.7627658421470402
documented_corrected_lifetime,14,0.06732953342847128,0.05306646941557428,-0.014263064012897002,0.7881603616331365
documented_corrected_lifetime,15,0.06438763728973836,0.04811775129757772,-0.016269885992160636,0.7473135111489234
documented_corrected_lifetime,16,0.06323596497036534,0.04929744879015891,-0.013938516180206424,0.7795792918359272
documented_corrected_lifetime,17,0.06348632641645688,0.04891828409421513,-0.01456804232224175,0.7705325989933884
documented_corrected_lifetime,18,0.06264575490448689,0.04946562282067787,-0.01318013208380902,0.7896085360627522
documented_corrected_lifetime,19,0.062066476435282715,0.05000585168296968,-0.012060624752313037,0.8056821420354229
documented_corrected_lifetime,20,0.06181165622044662,0.049275509912670254,-0.012536146307776365,0.7971879888953769
documented_corrected_lifetime,21,0.06463466709116208,0.050168164522540894,-0.014466502568621191,0.7761804427921423
documented_corrected_lifetime,22,0.061440517857021024,0.049755862337051655,-0.011684655519969368,0.8098216628453414
documented_corrected_lifetime,23,0.0653531974638575,0.04904789916318232,-0.016305298300675175,0.7505049648153398
documented_corrected_lifetime,24,0.06318779549163017,0.048367392545401414,-0.014820402946228758,0.7654546604938629
documented_corrected_lifetime,25,0.06819302719509539,0.05264636300816203,-0.01554666418693336,0.7720197382870911
documented_corrected_lifetime,26,0.06043433791063392,0.04812097343091841,-0.01231336447971551,0.7962521820306254
documented_corrected_lifetime,27,0.06463361184986527,0.0476128787499164,-0.017020733099948872,0.736658178108851
documented_corrected_lifetime,28,0.06253156498054378,0.0486700129920362,-0.013861551988507581,0.7783271217852856
documented_corrected_lifetime,29,0.0643250904774659,0.04894210394705141,-0.015382986530414491,0.7608555788071002
documented_corrected_lifetime,30,0.06190361090501915,0.04872291705565553,-0.013180693849363614,0.7870771404662127
documented_corrected_lifetime,31,0.0660861191590568,0.05213550924803626,-0.013950609911020533,0.7889025700322324
documented_corrected_lifetime,32,0.063859616534387,0.04999769206074449,-0.013861924473642512,0.7829312917001596
documented_corrected_lifetime,33,0.06410960664943795,0.04967868542455921,-0.01443092122487874,0.774902358958628
documented_corrected_lifetime,34,0.06127385082462681,0.05014830809538189,-0.011125542729244917,0.8184291899478039
documented_corrected_lifetime,35,0.06718505184740696,0.052084438612840796,-0.015100613234566164,0.775238496967105
documented_corrected_lifetime,36,0.06267315373734256,0.048446392684366756,-0.014226761052975802,0.7730007155440294
documented_corrected_lifetime,37,0.06226082912969077,0.04803278663659656,-0.014228042493094208,0.7714768227153407
documented_corrected_lifetime,38,0.06656079250959833,0.0483231375638252,-0.018237654945773132,0.7260000330803875
documented_corrected_lifetime,39,0.06180905362239339,0.04963839750105559,-0.012170656121337803,0.8030926634843608
documented_corrected_lifetime,40,0.06408980251822505,0.04959789993362939,-0.014491902584595658,0.7738813038084392
documented_corrected_lifetime,41,0.06311431726877645,0.05058780358521724,-0.012526513683559205,0.8015265913403733
documented_corrected_lifetime,42,0.06575181631129648,0.051239537460031646,-0.014512278851264833,0.7792870271057204
documented_corrected_lifetime,43,0.06409562785113661,0.05021438130292883,-0.013881246548207778,0.7834291196827458
documented_corrected_lifetime,44,0.06330689173888503,0.051812686844020794,-0.011494204894864232,0.8184367518425464
documented_corrected_lifetime,45,0.06500476838918372,0.05265452927448157,-0.01235023911470215,0.8100102589280646
documented_corrected_lifetime,46,0.06384124680059383,0.050202435197244696,-0.013638811603349135,0.7863636397022516
documented_corrected_lifetime,47,0.06689027321163783,0.05135640871135945,-0.015533864500278383,0.7677709515234011
documented_corrected_lifetime,48,0.061550466001723876,0.051191964389374865,-0.010358501612349011,0.831707178105542
documented_corrected_lifetime,49,0.06326048859088622,0.050127115737668884,-0.013133372853217334,0.7923921685437405
documented_corrected_lifetime,50,0.06576113077673314,0.050869241027240684,-0.014891889749492453,0.7735457165410949
documented_corrected_lifetime,51,0.0642398119313784,0.05057569340299441,-0.013664118528383992,0.787295166072713
documented_corrected_lifetime,52,0.06545275419443033,0.05113397730404919,-0.014318776890381142,0.7812349217903563
documented_corrected_lifetime,53,0.06528690143942714,0.051816849533824885,-0.013470051905602257,0.7936791054772342
documented_corrected_lifetime,54,0.06549892012899415,0.05072544387812606,-0.01477347625086809,0.7744470256643456
documented_corrected_lifetime,55,0.06603520810762989,0.05144768586012089,-0.014587522247508998,0.7790947788983569
documented_corrected_lifetime,56,0.06428746536236897,0.05124341565747864,-0.013044049704890329,0.7970980869853094
documented_corrected_lifetime,57,0.06729818775134919,0.05010803380679821,-0.01719015394455098,0.7445673573252148
documented_corrected_lifetime,58,0.06466955794645328,0.049725110413832,-0.01494444753262128,0.7689106280114771
documented_corrected_lifetime,59,0.06607125400147029,0.04894250228988324,-0.01712875171158705,0.7407533431830144
documented_corrected_lifetime,60,0.06316848900082443,0.04900363401886287,-0.014164854981961565,0.7757607439086173
documented_corrected_lifetime,61,0.06380972236073125,0.04976198729656474,-0.014047735064166511,0.7798496131239784
documented_corrected_lifetime,62,0.06395822946210729,0.0492586873476951,-0.014699542114412191,0.770169652317829
documented_corrected_lifetime,63,0.06270120424190809,0.04930881792681633,-0.013392386315091757,0.786409424236535
documented_corrected_lifetime,64,0.06412984289153241,0.050568168836162074,-0.013561674055370336,0.7885278765097209
documented_corrected_lifetime,65,0.06494122909447825,0.05070583610952296,-0.01423539298495529,0.7807957566641485
documented_corrected_lifetime,66,0.06672096062564863,0.0513893505091652,-0.015331610116483423,0.7702129889510358
documented_corrected_lifetime,67,0.06048870277257054,0.04864221271841407,-0.011846490054156472,0.8041536764526478
documented_corrected_lifetime,68,0.06329314899085252,0.05005713275452595,-0.013236016236326566,0.7908775839508395
documented_corrected_lifetime,69,0.06478287308478543,0.05014862176824692,-0.014634251316538512,0.7741030828103943
documented_corrected_lifetime,70,0.06073084576718258,0.047689221614902334,-0.013041624152280246,0.7852553510900121
documented_corrected_lifetime,71,0.06656050251225007,0.051527062009484134,-0.015033440502765935,0.7741387168764371
documented_corrected_lifetime,72,0.0623323989512815,0.04871207832284498,-0.013620320628436523,0.7814889069313367
documented_corrected_lifetime,73,0.06712476511568591,0.04988444881527422,-0.017240316300411687,0.7431601247214954
documented_corrected_lifetime,74,0.06580888848805087,0.0503820689326452,-0.015426819555405674,0.765581520827437
documented_corrected_lifetime,75,0.06482852835855575,0.05070722130784166,-0.014121307050714092,0.7821744931087822
documented_corrected_lifetime,76,0.0629658342505068,0.05051890682942698,-0.012446927421079813,0.802322520312202
documented_corrected_lifetime,77,0.06522509507612712,0.05043158467245953,-0.014793510403667588,0.773192965278143
documented_corrected_lifetime,78,0.06075892646545323,0.046739889445947126,-0.014019037019506103,0.769267861777032
documented_corrected_lifetime,79,0.06231945794653939,0.04738216563672436,-0.014937292309815033,0.7603109397609178
documented_corrected_lifetime,80,0.06332738042194772,0.051026221041857056,-0.01230115938009066,0.8057529097504342
documented_corrected_lifetime,81,0.06383148211340302,0.049357186535912985,-0.014474295577490033,0.7732420570812535
documented_corrected_lifetime,82,0.06305444776072973,0.05025671637937923,-0.0127977313813505,0.7970368176101779
documented_corrected_lifetime,83,0.06397515092554366,0.05132713147340645,-0.012648019452137213,0.8022979349144892
documented_corrected_lifetime,84,0.060737702173767984,0.04966051115739381,-0.011077191016374173,0.8176224878464647
documented_corrected_lifetime,85,0.0658127106973296,0.052626128414221075,-0.013186582283108518,0.7996347188348896
documented_corrected_lifetime,86,0.06681460570558888,0.051837577007423204,-0.014977028698165674,0.7758419953241917
documented_corrected_lifetime,87,0.06399891919773687,0.05107507803212731,-0.01292384116560956,0.7980615715449992
documented_corrected_lifetime,88,0.06510006921767554,0.05078715597529811,-0.014312913242377434,0.7801398152969815
documented_corrected_lifetime,89,0.06624620385155613,0.05336194594161657,-0.012884257909939564,0.8055094909466739
documented_corrected_lifetime,90,0.0654919171555073,0.050414652358969775,-0.015077264796537523,0.7697843420778582
documented_corrected_lifetime,91,0.06371359389221998,0.04765217940207058,-0.016061414490149396,0.7479122819955908
documented_corrected_lifetime,92,0.06634801011457094,0.05121267837514132,-0.015135331739429617,0.7718796432132078
documented_corrected_lifetime,93,0.06272812255109077,0.049070783064000305,-0.013657339487090463,0.7822772477214373
documented_corrected_lifetime,94,0.06416483574100866,0.04799134902469943,-0.016173486716309228,0.7479384692638974
documented_corrected_lifetime,95,0.06377611535861488,0.05136652086160413,-0.012409594497010755,0.8054194046277159
documented_corrected_lifetime,96,0.06462923364890577,0.05066464931146255,-0.013964584337443221,0.7839277437002434
documented_corrected_lifetime,97,0.06487461570512063,0.0515524433503938,-0.013322172354726824,0.7946473792572263
documented_corrected_lifetime,98,0.06448863391700986,0.049181911289375324,-0.015306722627634536,0.7626446445224333
documented_corrected_lifetime,99,0.06364372464997949,0.050004123024381855,-0.01363960162559763,0.7856881931311978
documented_corrected_lifetime,100,0.06392712646356688,0.04991190197915468,-0.014015224484412198,0.7807624828499103
documented_corrected_lifetime,101,0.06376450340899598,0.04879615608385468,-0.014968347325141296,0.7652558002509349
documented_corrected_lifetime,102,0.06713129814999538,0.051298090612092256,-0.015833207537903127,0.764145667159213
documented_corrected_lifetime,103,0.0666278409408983,0.05287166335779879,-0.013756177583099508,0.7935370951716443
documented_corrected_lifetime,104,0.06393736679191954,0.05070474899965415,-0.013232617792265387,0.7930378047108169
documented_corrected_lifetime,105,0.06703010190245921,0.051980346463460524,-0.01504975543899869,0.7754776583675976
documented_corrected_lifetime,106,0.06042877882366453,0.047695310724453356,-0.012733468099211172,0.7892813929540371
documented_corrected_lifetime,107,0.06521066726433165,0.04906979260079325,-0.016140874663538404,0.7524810688087071
documented_corrected_lifetime,108,0.061380919415815326,0.047909396465059616,-0.01347152295075571,0.7805258852593099
documented_corrected_lifetime,109,0.06468361459628853,0.05143380164153338,-0.01324981295475515,0.7951596700733016
documented_corrected_lifetime,110,0.06501008612218115,0.0505659903694725,-0.01444409575270865,0.7778176185528789
documented_corrected_lifetime,111,0.06354139131968499,0.04854154394619748,-0.014999847373487508,0.7639358052765743
documented_corrected_lifetime,112,0.06658368822524732,0.05140122530996652,-0.015182462915280803,0.7719792441668335
documented_corrected_lifetime,113,0.06400941410228442,0.04930516206442478,-0.01470425203785964,0.7702798526735013
documented_corrected_lifetime,114,0.06476107438928964,0.04981985774715477,-0.014941216642134873,0.769287078958562
documented_corrected_lifetime,115,0.06139479061180163,0.051299799661260026,-0.010094990950541602,0.8355725160075538
documented_corrected_lifetime,116,0.06615722231742233,0.05183858335487207,-0.014318638962550256,0.7835665032330191
documented_corrected_lifetime,117,0.06404262032347956,0.04931279467981877,-0.014729825643660786,0.7699996413441491
documented_corrected_lifetime,118,0.06457962316659974,0.04806739744957067,-0.016512225717029066,0.7443121389167674
documented_corrected_lifetime,119,0.06856725766537114,0.05386214723598156,-0.01470511042938958,0.7855374280658132
documented_corrected_lifetime,120,0.06561819746615816,0.04876258941100835,-0.01685560805514981,0.7431260122035065
documented_corrected_lifetime,121,0.06538817975636443,0.051494083626090134,-0.0138940961302743,0.7875136426485103
documented_corrected_lifetime,122,0.0660679277191049,0.05157798463395562,-0.014489943085149282,0.7806811325041876
documented_corrected_lifetime,123,0.06413488881205484,0.04979211094083818,-0.014342777871216662,0.7763654363969088
documented_corrected_lifetime,124,0.06572024025224636,0.05117322522959333,-0.014547015022653029,0.7786524369536857
documented_corrected_lifetime,125,0.06134050296124535,0.04721328049503479,-0.014127222466210565,0.7696917732295726
documented_corrected_lifetime,126,0.06435925819695512,0.050448391814241864,-0.013910866382713258,0.7838560174179977
documented_corrected_lifetime,127,0.06465162103005571,0.05073417931094193,-0.013917441719113785,0.7847317438081909
documented_corrected_lifetime,128,0.06720768842574926,0.05056603957275133,-0.016641648852997924,0.7523847458109865
documented_corrected_lifetime,129,0.0639254479359016,0.050197704606536886,-0.013727743329364717,0.7852538578512644
documented_corrected_lifetime,130,0.06503551127074772,0.05058776432509466,-0.01444774694565306,0.7778483375719766
documented_corrected_lifetime,131,0.06654375411484108,0.052749311491081564,-0.013794442623759513,0.7927011662138405
documented_corrected_lifetime,132,0.06098912327329296,0.049463266298151905,-0.011525856975141052,0.81101782815448
documented_corrected_lifetime,133,0.0659478131039171,0.051672643833956734,-0.01427516926996037,0.7835383980441276
documented_corrected_lifetime,134,0.06485635618950998,0.050754286967446445,-0.014102069222063536,0.7825645773120933
documented_corrected_lifetime,135,0.06304453827463104,0.049724104593625536,-0.013320433681005502,0.7887139148679337
documented_corrected_lifetime,136,0.062671314751903,0.04971056031845593,-0.012960754433447075,0.7931947895978435
documented_corrected_lifetime,137,0.06065637507679574,0.04820223174233954,-0.0124541433344562,0.7946770917535333
documented_corrected_lifetime,138,0.06886709618372143,0.05333616306654683,-0.0155309331171746,0.77447962847538
documented_corrected_lifetime,139,0.06027188869114135,0.04911602990565,-0.01115585878549135,0.8149077616820888
documented_corrected_lifetime,140,0.06500439604855049,0.05105632861312141,-0.013948067435429076,0.7854288589188407
documented_corrected_lifetime,141,0.06420884132799635,0.04965821154288765,-0.014550629785108703,0.7733858844955619
documented_corrected_lifetime,142,0.06542539008076366,0.05044528896585098,-0.01498010111491268,0.7710353565118885
documented_corrected_lifetime,143,0.06552340967630925,0.05134758919714963,-0.01417582047915962,0.7836525823489761
documented_corrected_lifetime,144,0.06123323952616399,0.050156276803067515,-0.011076962723096474,0.8191021280465903
documented_corrected_lifetime,145,0.06737154253716923,0.04995297662384143,-0.0174185659133278,0.7414551417801086
documented_corrected_lifetime,146,0.06684208525577265,0.0514318076435214,-0.01541027761225125,0.7694524706510353
documented_corrected_lifetime,147,0.06514258644628063,0.05315420283442547,-0.011988383611855155,0.8159670306959443
documented_corrected_lifetime,148,0.06437151007882425,0.05096624631237533,-0.013405263766448919,0.7917516033096956
documented_corrected_lifetime,149,0.06391203107911267,0.051944920633569806,-0.011967110445542863,0.8127565304452689
documented_corrected_lifetime,150,0.06366937328688314,0.04900733199191033,-0.01466204129497281,0.7697159475889892
documented_corrected_lifetime,151,0.062192182714651816,0.05018286631885456,-0.012009316395797255,0.806899904914127
documented_corrected_lifetime,152,0.06734284662814333,0.05243354633619849,-0.014909300291944837,0.7786060281313669
documented_corrected_lifetime,153,0.062279038239945225,0.04792651093761533,-0.014352527302329894,0.7695448146287476
documented_corrected_lifetime,154,0.067447734179778,0.05147045522340164,-0.01597727895637635,0.7631161498503441
documented_corrected_lifetime,155,0.06275475540373501,0.049604752439647834,-0.013150002964087179,0.7904540798623761
documented_corrected_lifetime,156,0.06434436470048749,0.049231695930636914,-0.015112668769850575,0.7651283241322285
documented_corrected_lifetime,157,0.06200645699914584,0.0486434222477483,-0.013363034751397537,0.7844896257887849
documented_corrected_lifetime,158,0.06386775238065587,0.0501818318178237,-0.013685920562832167,0.7857146986907695
documented_corrected_lifetime,159,0.0638607474123628,0.05065202289304193,-0.013208724519320876,0.7931636403496931
documented_corrected_lifetime,160,0.06535254917852266,0.04999593026017609,-0.015356618918346575,0.7650188231158802
documented_corrected_lifetime,161,0.06492398174381533,0.05063656651960955,-0.014287415224205784,0.779936244813469
documented_corrected_lifetime,162,0.06451974703635752,0.04924653901703948,-0.015273208019318037,0.7632785508177607
documented_corrected_lifetime,163,0.06669043401405811,0.050159150477300074,-0.016531283536758035,0.7521191190137809
documented_corrected_lifetime,164,0.06277050350703943,0.05001584630336546,-0.01275465720367397,0.7968049244300933
documented_corrected_lifetime,165,0.0672487895114746,0.05052360009907954,-0.016725189412395064,0.7512938220316775
documented_corrected_lifetime,166,0.06288545130147016,0.0519237447643515,-0.010961706537118664,0.8256877177430323
documented_corrected_lifetime,167,0.06052139163103857,0.04988983317613704,-0.010631558454901532,0.8243338732242715
documented_corrected_lifetime,168,0.06578581344658481,0.051501598953711834,-0.014284214492872975,0.7828678594288245
documented_corrected_lifetime,169,0.06570014082077313,0.05133384018091688,-0.014366300639856257,0.7813353143481557
documented_corrected_lifetime,170,0.06708838676425406,0.05097925593561237,-0.01610913082864169,0.7598819765148246
documented_corrected_lifetime,171,0.06572335557875425,0.05016008107986847,-0.015563274498885782,0.7632002449991039
documented_corrected_lifetime,172,0.06521690420065472,0.04844244134885581,-0.016774462851798913,0.7427896485213643
documented_corrected_lifetime,173,0.06266587137322821,0.047083807616399936,-0.015582063756828274,0.7513468908135991
documented_corrected_lifetime,174,0.06265731285641789,0.05026950860642285,-0.01238780424999504,0.8022927622449711
documented_corrected_lifetime,175,0.06243124700128999,0.04982220677285264,-0.012609040228437354,0.7980331831562355
documented_corrected_lifetime,176,0.0643850423686968,0.05018836704432039,-0.014196675324376407,0.7795035181761618
documented_corrected_lifetime,177,0.06390987141815767,0.04998074524015769,-0.013929126177999976,0.7820504740674142
documented_corrected_lifetime,178,0.06126311469813246,0.04622139568759253,-0.015041719010539932,0.7544734856421125
documented_corrected_lifetime,179,0.06861200812204943,0.05163417783665969,-0.01697783028538974,0.7525530770766979
documented_corrected_lifetime,180,0.06345291208236599,0.05145938369716415,-0.011993528385201839,0.8109853749559442
documented_corrected_lifetime,181,0.06326752089358768,0.05194590759588078,-0.011321613297706902,0.8210517317922224
documented_corrected_lifetime,182,0.06412559819327239,0.048827563191580756,-0.015298035001691634,0.7614363774730978
documented_corrected_lifetime,183,0.06288411730423349,0.05025958181319018,-0.01262453549104331,0.7992412705744794
documented_corrected_lifetime,184,0.06510417646819681,0.05220019206336549,-0.012903984404831322,0.8017948293818773
documented_corrected_lifetime,185,0.06281179802514064,0.04888019677190076,-0.013931601253239882,0.7782008843678745
documented_corrected_lifetime,186,0.06255848086642818,0.04902859802943436,-0.013529882836993821,0.7837242425070684
documented_corrected_lifetime,187,0.06114948613308835,0.04828490265505414,-0.012864583478034208,0.789620742682364
documented_corrected_lifetime,188,0.06488281543981647,0.051313983356481074,-0.013568832083335397,0.7908717124656609
documented_corrected_lifetime,189,0.06352785400344586,0.05064277401558302,-0.01288507998786284,0.7971743231376283
documented_corrected_lifetime,190,0.06532699145264106,0.05086928453492165,-0.014457706917719415,0.7786870848292384
documented_corrected_lifetime,191,0.06309274371042639,0.0476127598790671,-0.01547998383135929,0.7546471603389607
documented_corrected_lifetime,192,0.060903431239878486,0.04855771982456884,-0.012345711415309643,0.7972903798033322
documented_corrected_lifetime,193,0.06473381860102292,0.05133716551273071,-0.013396653088292215,0.7930501648472114
documented_corrected_lifetime,194,0.06086085850773415,0.047251806945067296,-0.013609051562666855,0.7763907395269912
documented_corrected_lifetime,195,0.06763766553850258,0.05111778468228736,-0.016519880856215217,0.755759150989454
documented_corrected_lifetime,196,0.06464009596532265,0.04838641694782882,-0.016253679017493833,0.7485511310779394
documented_corrected_lifetime,197,0.06511376332651159,0.049359167372410466,-0.01575459595410112,0.758045071437508
documented_corrected_lifetime,198,0.06375463242112415,0.05051619454554451,-0.013238437875579642,0.7923533181379729
documented_corrected_lifetime,199,0.06253180235947749,0.050251852557489846,-0.012279949801987641,0.8036207283552501
documented_corrected_lifetime,200,0.06435165431147218,0.04724462897318607,-0.017107025338286105,0.7341633945339556
documented_corrected_lifetime,201,0.06412615923084089,0.05067808394854077,-0.013448075282300118,0.7902872175161804
documented_corrected_lifetime,202,0.06561113797208903,0.050968381128963965,-0.01464275684312507,0.7768251352483156
documented_corrected_lifetime,203,0.06116536024299094,0.04813648963438866,-0.013028870608602285,0.786989391432624
documented_corrected_lifetime,204,0.06443997066799906,0.050771112028184656,-0.013668858639814402,0.787882295753397
documented_corrected_lifetime,205,0.065236897949523,0.05239857274303882,-0.012838325206484182,0.8032045420611841
documented_corrected_lifetime,206,0.06409637334199825,0.051946218774693645,-0.012150154567304602,0.8104392817597469
documented_corrected_lifetime,207,0.06619105769166583,0.0489646006872457,-0.01722645700442013,0.7397464611509127
documented_corrected_lifetime,208,0.06467505405023748,0.05179911931837225,-0.012875934731865227,0.8009134291273476
documented_corrected_lifetime,209,0.06260708683451904,0.049583843493742064,-0.01302324334077698,0.7919845180594398
documented_corrected_lifetime,210,0.06414512115729071,0.050776163426637884,-0.013368957730652824,0.79158262562369
documented_corrected_lifetime,211,0.06386268802648623,0.048949382431717085,-0.014913305594769145,0.7664785799717037
documented_corrected_lifetime,212,0.06143882001548065,0.04780931780045344,-0.013629502215027213,0.7781613935359922
documented_corrected_lifetime,213,0.0656387608621448,0.05065737462687808,-0.014981386235266722,0.7717600692260053
documented_corrected_lifetime,214,0.06507775486854456,0.048755039695326574,-0.016322715173217983,0.7491813415169367
documented_corrected_lifetime,215,0.06366733241545461,0.05140029204825581,-0.012267040367198799,0.8073259880412219
documented_corrected_lifetime,216,0.06628092024690514,0.04984691868784619,-0.016434001559058956,0.7520553200251273
documented_corrected_lifetime,217,0.06416395414683013,0.04791361499053579,-0.016250339156294334,0.7467372550153668
documented_corrected_lifetime,218,0.06298710715195151,0.04932546122143865,-0.013661645930512854,0.7831040898964419
documented_corrected_lifetime,219,0.062119283674602045,0.047169921314625926,-0.014949362359976119,0.7593442571185302
documented_corrected_lifetime,220,0.06462427595013945,0.05050371985099744,-0.014120556099142006,0.7814976509750508
documented_corrected_lifetime,221,0.06545461241913988,0.0503139871659876,-0.015140625253152282,0.768685128617079
documented_corrected_lifetime,222,0.06358680932407094,0.05140455027828885,-0.012182259045782094,0.8084153116773785
documented_corrected_lifetime,223,0.06631152364099324,0.04956326136796437,-0.01674826227302887,0.7474305919480452
documented_corrected_lifetime,224,0.06464472963930958,0.051434692444661284,-0.013210037194648291,0.7956517527669348
documented_corrected_lifetime,225,0.06420910963149581,0.051084667085546494,-0.01312444254594932,0.7955984342210607
documented_corrected_lifetime,226,0.06657866775434283,0.050604987539836395,-0.015973680214506437,0.7600781037937712
documented_corrected_lifetime,227,0.06361544338078809,0.049562652880889846,-0.014052790499898243,0.7790978140986722
documented_corrected_lifetime,228,0.06679899671295952,0.050286275098432906,-0.016512721614526618,0.7527998558798261
documented_corrected_lifetime,229,0.0653447084045503,0.052340389818420326,-0.013004318586129972,0.8009889568162123
documented_corrected_lifetime,230,0.06669443703725846,0.051564335748900646,-0.01513010128835781,0.7731429792277058
documented_corrected_lifetime,231,0.06175986655480579,0.04889207144438858,-0.012867795110417211,0.7916479450453748
documented_corrected_lifetime,232,0.06349237929042906,0.04965053426134832,-0.013841845029080736,0.7819920251253322
documented_corrected_lifetime,233,0.06429236391033381,0.04990144622646286,-0.014390917683870956,0.7761644337118878
documented_corrected_lifetime,234,0.0639455024259257,0.05065015487734115,-0.013295347548584552,0.7920831482403966
documented_corrected_lifetime,235,0.06226462653641732,0.048764875000531234,-0.013499751535886083,0.7831874647478958
documented_corrected_lifetime,236,0.06336066842082339,0.0478868475375942,-0.015473820883229183,0.7557819185167602
documented_corrected_lifetime,237,0.06163297541240237,0.048097128223488675,-0.013535847188913694,0.7803797869834809
documented_corrected_lifetime,238,0.06479495435556412,0.05038531493988376,-0.01440963941568036,0.7776117051243363
documented_corrected_lifetime,239,0.061689350095634074,0.048480400233703085,-0.01320894986193099,0.7858795749760084
documented_corrected_lifetime,240,0.06724667705748745,0.05258616788470399,-0.014660509172783463,0.7819890912936773
documented_corrected_lifetime,241,0.06649957427849199,0.05056779533803808,-0.015931778940453903,0.760422843103723
documented_corrected_lifetime,242,0.06143678643434199,0.04969079263546233,-0.01174599379887966,0.808811715576421
documented_corrected_lifetime,243,0.06294890339222933,0.047694264647515354,-0.015254638744713979,0.7576663305846075
documented_corrected_lifetime,244,0.06718849019452922,0.05046902991070005,-0.016719460283829167,0.7511558864409408
documented_corrected_lifetime,245,0.061186089726600716,0.04724966435554151,-0.013936425371059206,0.7722288606228691
documented_corrected_lifetime,246,0.06784442585211098,0.05300331305808005,-0.014841112794030928,0.7812478680800989
documented_corrected_lifetime,247,0.06697000312333838,0.05073831428081668,-0.0162316888425217,0.7576274737119563
documented_corrected_lifetime,248,0.06333738491718799,0.048261557846381926,-0.015075827070806062,0.7619758521682365
documented_corrected_lifetime,249,0.0664419387840343,0.049769473971415366,-0.016672464812618935,0.7490671537022449
