bootstrap,baseline_resolution,improved_resolution,delta,ratio
0,0.060347342711263845,0.048535764368788335,-0.01181157834247551,0.8042734309116336
1,0.0661906582926563,0.04726127596350052,-0.01892938232915578,0.7140173127533928
2,0.06792151847326539,0.046403409805873486,-0.0215181086673919,0.6831915841831238
3,0.06059338437691777,0.04610444820462627,-0.014488936172291501,0.7608825398798674
4,0.06494282523190038,0.04572106269400021,-0.019221762537900172,0.7040202290358889
5,0.05231343797839519,0.04588423606928005,-0.00642920190911514,0.8771022865717538
6,0.06150649400745177,0.04542704198057109,-0.01607945202688068,0.7385731005098001
7,0.06213499461007926,0.04797603940355171,-0.014158955206527546,0.7721259123722408
8,0.05833145328222637,0.047154678512181115,-0.011176774770045257,0.808391971378316
9,0.07375432556145327,0.05012092117580686,-0.023633404385646407,0.6795658531789477
10,0.06815830803496593,0.04683920448691972,-0.02131910354804621,0.6872119604684247
11,0.0603862696347119,0.04801480773151718,-0.01237146190319472,0.7951278994706568
12,0.05911912214580797,0.045246266135249666,-0.013872856010558307,0.7653406291057046
13,0.06193262086642054,0.04738473125302937,-0.014547889613391173,0.7651013406203363
14,0.058054520301057636,0.048456186873309895,-0.00959833342774774,0.8346669065910294
15,0.056545019146853275,0.04699772280999995,-0.009547296336853327,0.8311558386414547
16,0.061148620297253695,0.04564163101595034,-0.015506989281303354,0.7464049195890066
17,0.05651869956863673,0.04939286605795908,-0.007125833510677644,0.8739207808200898
18,0.06301895897262534,0.04634474181093608,-0.016674217161689264,0.7354095111451724
19,0.06436387859489728,0.0471603455404188,-0.017203533054478484,0.7327144754163033
20,0.0685120127016262,0.04808289010298548,-0.02042912259864072,0.7018169253381777
21,0.0638198150872252,0.048067751236900574,-0.015752063850324627,0.753179105442477
22,0.06186817659899949,0.048329901581874966,-0.013538275017124526,0.7811754643284013
23,0.0657380047683708,0.04699578916503108,-0.018742215603339718,0.7148952775585706
24,0.05889784391958659,0.048862596090725824,-0.010035247828860769,0.8296160409103952
25,0.06117886393803658,0.047807474132800294,-0.013371389805236285,0.7814377557128366
26,0.06991284577600144,0.04938827327460803,-0.020524572501393418,0.706426304442627
27,0.05622977180707879,0.04590240573652979,-0.010327366070549002,0.8163363332509757
28,0.06559947696090329,0.04695192251126379,-0.018647554449639503,0.7157362327636655
29,0.06009200767954042,0.0479089836727783,-0.01218302400676212,0.7972604930803454
30,0.06445515204464568,0.047794864538616644,-0.016660287506029034,0.7415212441902382
31,0.06037179444619047,0.04366444571653829,-0.016707348729652183,0.7232590337439202
32,0.06816605745078674,0.0482928960444255,-0.019873161406361244,0.7084595743166033
33,0.059029353265498734,0.04843021059891867,-0.010599142666580061,0.8204428461394814
34,0.0659205533516553,0.04883076860903252,-0.017089784742622773,0.7407518008616103
35,0.054965041047581834,0.04429895066571656,-0.010666090381865272,0.8059477409899156
36,0.061209562322765365,0.045180039456261326,-0.01602952286650404,0.7381206096201368
37,0.05939123433327461,0.04659706601668893,-0.012794168316585683,0.7845781711693167
38,0.05439771709246834,0.04490442153079645,-0.009493295561671888,0.8254835667913298
39,0.05606581769026885,0.04947834907811411,-0.006587468612154743,0.8825047259892527
40,0.06023359311117641,0.047938560209265034,-0.012295032901911376,0.7958774785489259
41,0.058350202625571106,0.04644373167430606,-0.011906470951265048,0.7959480787467358
42,0.06711779135330936,0.04790263851473337,-0.019215152838575993,0.7137099947549368
43,0.06313497532014198,0.043973027255746165,-0.019161948064395813,0.6964923488568694
44,0.062115240389099734,0.04689997645749347,-0.015215263931606264,0.7550478137684821
45,0.0666305358811804,0.04940342205401902,-0.017227113827161376,0.7414531700918359
46,0.06792519140625752,0.044216453355963116,-0.023708738050294408,0.6509580972912759
47,0.06849852805682521,0.047030709027243836,-0.021467819029581378,0.6865944475219666
48,0.06310532840878849,0.04586717233438451,-0.01723815607440398,0.7268351736839503
49,0.060855546703653035,0.04681544302821872,-0.014040103675434318,0.7692880199761394
50,0.06431101103980039,0.046743432553537,-0.017567578486263384,0.7268340490652327
51,0.05419979986901702,0.044027609664912426,-0.010172190204104592,0.812320520948649
52,0.058895554802713856,0.04803356872276008,-0.010861986079953777,0.8155720560517877
53,0.06574957933946855,0.04877143860771654,-0.016978140731752016,0.7417756751857989
54,0.06852351510315183,0.049419642033580125,-0.019103873069571703,0.7212070478168888
55,0.06492135817333897,0.048996768510631075,-0.01592458966270789,0.7547095422712893
56,0.060213877131596795,0.046337590902923144,-0.013876286228673651,0.769550029167742
57,0.06571219210166562,0.048189031750121784,-0.01752316035154384,0.7333347162664556
58,0.06399757516281468,0.045729383188786075,-0.018268191974028604,0.7145486852032606
59,0.07078286121147104,0.046264919632691796,-0.02451794157877924,0.6536175401905642
60,0.0637738583159093,0.04842313655677655,-0.015350721759132754,0.7592944481563021
61,0.04830077626128078,0.04822930466541964,-7.147159586114171e-05,0.9985202805960194
62,0.05200163832780807,0.04353878095968938,-0.008462857368118686,0.8372578703238059
63,0.05488602046700118,0.04553034760951145,-0.009355672857489734,0.8295436109616547
64,0.062178287251869475,0.046868205384299956,-0.01531008186756952,0.7537712512801774
65,0.06539726473958636,0.0478130702748886,-0.017584194464697764,0.7311172793737094
66,0.06405802221637193,0.04624723520842095,-0.017810787007950975,0.7219585246046061
67,0.0606797585264063,0.04882556562892641,-0.011854192897479889,0.8046433739132096
68,0.06031370830877507,0.04628691195730076,-0.014026796351474309,0.7674360150487788
69,0.0657802652434995,0.04644751727633573,-0.01933274796716377,0.7061010943692682
70,0.06693508024908792,0.04777209249975424,-0.019162987749333685,0.7137078542668244
71,0.06648995862778011,0.04799504258155141,-0.018494916046228695,0.7218389599282838
72,0.06845699788591425,0.04836704075928188,-0.02008995712663237,0.7065317243371829
73,0.06062391078132199,0.04677569450521844,-0.013848216276103546,0.7715717099469912
74,0.0640747099008364,0.046002160397193924,-0.018072549503642475,0.7179456679302646
75,0.05874790167094248,0.04935436956763656,-0.009393532103305922,0.8401043809884347
76,0.05896761141775625,0.04691129680124514,-0.012056314616511112,0.7955434461962838
77,0.06501757533069503,0.04707898321923556,-0.017938592111459477,0.7240962613536497
78,0.06717995799852781,0.04734480240439248,-0.01983515559413533,0.704745936361407
79,0.0604059706902889,0.045631427057074014,-0.014774543633214884,0.7554125285236067
80,0.06298693124817274,0.04705614017385468,-0.015930791074318065,0.7470778341057818
81,0.0688118565552058,0.04840460131932552,-0.02040725523588028,0.703434026380205
82,0.057258107170555954,0.04402597605532614,-0.013232131115229813,0.7689037977484136
83,0.06996859591953673,0.04699239295891835,-0.022976202960618385,0.6716212086485083
84,0.06194387825726389,0.047585832955437016,-0.014358045301826876,0.768208809235428
85,0.06352824880523064,0.04606961592043577,-0.01745863288479487,0.7251831553184982
86,0.05527802815605917,0.04828173052055282,-0.006996297635506354,0.8734343848924092
87,0.06468797158806568,0.04562967243786502,-0.019058299150200658,0.7053810981805969
88,0.05948099387682655,0.04612018415419322,-0.01336080972263333,0.7753768245651553
89,0.05932083917504362,0.0448330697553225,-0.014487769419721117,0.7557726825648794
90,0.05854087685375844,0.049088912946222904,-0.009451963907535534,0.8385407869590409
91,0.06088996061594062,0.046773022128644155,-0.014116938487296463,0.7681565508583901
92,0.05739388221955914,0.044130640405096254,-0.013263241814462888,0.7689084393398476
93,0.06352334145145214,0.04727636150806913,-0.016246979943383005,0.7442360623330906
94,0.05795151060163834,0.0466572085333038,-0.011294302068334539,0.8051077193488164
95,0.06470895478596399,0.046149324867803536,-0.01855962991816045,0.7131829747590634
96,0.06545251381826976,0.04654718304924991,-0.018905330769019853,0.7111595924106003
97,0.06300854792036173,0.047204709311189495,-0.015803838609172234,0.7491794505541193
98,0.06275959440843501,0.04512088691074651,-0.017638707497688498,0.7189480323455082
99,0.060112667412349136,0.04642608783018494,-0.013686579582164196,0.7723178795530787
100,0.07147598845291574,0.04923899373559422,-0.022236994717321518,0.6888886016320016
101,0.06760764717438415,0.04980899376909374,-0.01779865340529041,0.7367360920077376
102,0.061750695524427336,0.046743709541183,-0.015006985983244334,0.7569746242403396
103,0.0630013049228457,0.04799781358638286,-0.015003491336462838,0.7618542765925753
104,0.07044658823242175,0.047024802729749265,-0.023421785502672487,0.667524203934506
105,0.06301815494191007,0.05018062152177335,-0.012837533420136722,0.7962883325928802
106,0.06048287967412583,0.04571462542267605,-0.01476825425144978,0.7558275278720312
107,0.062407674967294276,0.04484074961436429,-0.017566925352929988,0.718513382173968
108,0.06260231166657512,0.04556615388700431,-0.017036157779570814,0.7278669536948293
109,0.06447015393825868,0.049162474244396646,-0.015307679693862035,0.7625617629434888
110,0.06244509363048719,0.04851239938813876,-0.013932694242348428,0.7768808815502175
111,0.06696979293927113,0.04951823497058652,-0.01745155796868461,0.7394114987855815
112,0.06387646967330032,0.04716090798896775,-0.016715561684332574,0.7383142529663079
113,0.055469939237144286,0.04552391003531612,-0.009946029201828167,0.8206951487848753
114,0.061719159940261066,0.042573034965919264,-0.019146124974341802,0.6897863646738933
115,0.06075307006241491,0.04616438279545182,-0.014588687266963093,0.759869134975807
116,0.06633219734153266,0.048690768882576535,-0.017641428458956124,0.7340442625754797
117,0.059537527517713004,0.04700171867975067,-0.012535808837962334,0.7894469360651094
118,0.06810587397807116,0.0495557278654828,-0.018550146112588366,0.7276278090409475
119,0.058451190729255614,0.04420963895045457,-0.014241551778801043,0.7563513830750251
120,0.06303530222307664,0.046351488731457814,-0.016683813491618828,0.7353258744984483
121,0.06271318425494042,0.044731866266179046,-0.017981317988761375,0.7132769097537119
122,0.05896878357529628,0.04654894444334342,-0.01241983913195286,0.7893828161455261
123,0.06529341658633812,0.045480014314449486,-0.019813402271888637,0.696548238585598
124,0.06021224224702042,0.048008579067777335,-0.012203663179243082,0.7973225589378051
125,0.06419303411893072,0.0462013050158035,-0.01799172910312722,0.7197245877209377
126,0.06795061808994507,0.044553615804489986,-0.023397002285455083,0.655676387601289
127,0.05447884680645799,0.046026707281920626,-0.008452139524537362,0.8448546542373684
128,0.05791227289629915,0.04694714867958773,-0.01096512421671142,0.8106597501993029
129,0.060787081871985914,0.04748798180810623,-0.01329910006387968,0.7812183172094554
130,0.0621280564311947,0.049100553323325996,-0.013027503107868703,0.7903120770839445
131,0.06390993639186453,0.04581013470413048,-0.01809980168773405,0.7167920559839881
132,0.06324046607693137,0.04796164062709106,-0.015278825449840314,0.7584011251394988
133,0.07024687658354932,0.04821664765995466,-0.022030228923594658,0.6863884916307612
134,0.05279555751658632,0.04543179089695671,-0.007363766619629612,0.8605229878041121
135,0.06634652426179515,0.04802967843450046,-0.018316845827294682,0.7239215462890161
136,0.05672138574618752,0.04679762637934591,-0.00992375936684161,0.8250437778222189
137,0.051297310758365106,0.04420526759475865,-0.007092043163606454,0.86174629705223
138,0.06039279352366784,0.04535638277594344,-0.015036410747724396,0.7510230961276588
139,0.06968056514339388,0.047608204955288495,-0.022072360188105385,0.6832350578287758
140,0.05830865219322309,0.046107243719232104,-0.01220140847399099,0.7907444604694688
141,0.06505052805498447,0.04845648367118028,-0.016594044383804192,0.7449053085352675
142,0.05582079776218267,0.04510923639784767,-0.010711561364335001,0.8081080566069616
143,0.06380407074738803,0.0468181386897092,-0.01698593205767883,0.7337798065435475
144,0.06049653564948769,0.04649882951642815,-0.013997706133059541,0.7686197071818925
145,0.06356612291840731,0.04733968159558292,-0.016226441322824393,0.7447313037535347
146,0.06648877582810706,0.04827012696179438,-0.01821864886631268,0.7259891065912656
147,0.06087478819066889,0.049192545877222,-0.011682242313446889,0.8080939143992358
148,0.06525280616189603,0.05023744185734815,-0.015015364304547883,0.7698893704694648
149,0.06354491400421675,0.04634160054617336,-0.017203313458043386,0.7292731648531022
150,0.06707999838034687,0.04889148596106798,-0.018188512419278886,0.7288534159445095
151,0.06426387646169816,0.04703716411765153,-0.017226712344046637,0.7319378585212812
152,0.06177473772958065,0.04747867968944166,-0.01429605804013899,0.768577600398401
153,0.054704450499580615,0.04895669679966517,-0.005747753699915446,0.8949307844713748
154,0.06410867316997515,0.046017927934708006,-0.018090745235267144,0.717811267325685
155,0.06867883530379637,0.049459572423116306,-0.019219262880680064,0.720157413915584
156,0.053892070982334866,0.044752867890587314,-0.009139203091747553,0.8304165543249717
157,0.06393027383103625,0.04361603158651955,-0.020314242244516702,0.6822437786172169
158,0.06480396201795156,0.04681108681349294,-0.017992875204458622,0.7223491489690961
159,0.06534466976852447,0.048035355957875774,-0.0173093138106487,0.7351074866249254
160,0.05785245609072529,0.048643457751886596,-0.009208998338838696,0.8408192329052205
161,0.05734701937212175,0.044970516982270003,-0.012376502389851746,0.7841822901109946
162,0.06042266922367872,0.04445537076651543,-0.01596729845716329,0.7357399356514036
163,0.061800216897666654,0.04551392784441039,-0.016286289053256263,0.7364687395802462
164,0.05995565400411202,0.0487298896092147,-0.011225764394897322,0.8127655417764702
165,0.05805796059928132,0.04666901732609283,-0.011388943273188484,0.8038349408826898
166,0.05958744928623833,0.04474956319622422,-0.014837886090014116,0.7509897425087314
167,0.0616743084969662,0.045590410710979634,-0.016083897785986567,0.7392123531181911
168,0.060282229683289536,0.045137074312397614,-0.015145155370891922,0.7487625217172381
169,0.0600829117650306,0.04685794071504153,-0.01322497104998907,0.7798879804342929
170,0.061813902009107385,0.04553304320174991,-0.016280858807357475,0.7366149316223602
171,0.06617381177949985,0.04501588075095789,-0.021157931028541965,0.6802673072688774
172,0.06433998031428768,0.04827716801589696,-0.016062812298390725,0.750344774432209
173,0.061423953375350226,0.04846083659873503,-0.0129631167766152,0.7889566518553432
174,0.06696814968951076,0.04740270226922845,-0.01956544742028231,0.707839510110478
175,0.0595740595423212,0.04696287281181448,-0.012611186730506721,0.7883107710404094
176,0.06067378602866056,0.04549849914801227,-0.015175286880648294,0.749887259821236
177,0.06714219567403648,0.047459522440133406,-0.019682673233903075,0.7068509148932367
178,0.0634373259968888,0.04779549908530355,-0.01564182691158525,0.7534286531504751
179,0.06310861193562184,0.04606923448297744,-0.017039377452644396,0.7299991723787784
180,0.06068033565762746,0.04645866194360726,-0.014221673714020201,0.7656296136154852
181,0.06902092626476695,0.04705763229289303,-0.021963293971873923,0.6817878988232949
182,0.06580304246228233,0.04777258554920163,-0.0180304569130807,0.7259935674947615
183,0.05981177761509699,0.04820258740173477,-0.011609190213362222,0.8059046114952456
184,0.05580748693580777,0.046016949466812326,-0.009790537468995442,0.8245658780468479
185,0.062222916164652635,0.04445687076424546,-0.017766045400407174,0.7144774546825299
186,0.06808029466438302,0.04692112397887856,-0.021159170685504464,0.6892027158546639
187,0.06486570979925504,0.04568979339194374,-0.019175916407311304,0.7043751395512898
188,0.06549301371160629,0.04614515283064101,-0.01934786088096528,0.704581301355864
189,0.055211631197949126,0.044021820686873256,-0.01118981051107587,0.7973287463477166
190,0.05895166156815223,0.0445363039907121,-0.014415357577440127,0.7554715644312252
191,0.06542159506035895,0.04664052371419598,-0.01878107134616297,0.7129224481788426
192,0.06092831339639729,0.0469447618390849,-0.013983551557312388,0.7704917340098365
193,0.05552345332148479,0.04613334687183631,-0.00939010644964848,0.8308803597773523
194,0.059753927400405374,0.047888384233091504,-0.01186554316731387,0.8014265558177625
195,0.06736841001069509,0.04612907921001776,-0.02123933080067733,0.684728631753288
196,0.06394726851182546,0.04517571195385359,-0.018771556557971872,0.706452566390689
197,0.07000536068901594,0.04736620880040066,-0.022639151888615282,0.6766083101952015
198,0.06472463941473211,0.047424102433750455,-0.017300536980981655,0.7327055486531788
199,0.06569074952078424,0.046354282524112826,-0.019336466996671416,0.7056439888761895
200,0.0697793678223632,0.04788948693036413,-0.021889880891999072,0.6862986642738872
201,0.06192491809440208,0.04257002708117733,-0.019354891013224747,0.6874458358795246
202,0.062400246652506826,0.04888486733987766,-0.013515379312629167,0.7834082389466611
203,0.06418457618707514,0.046198774242750006,-0.017985801944325135,0.7197799999192495
204,0.06753127107002017,0.05041765410510024,-0.017113616964919934,0.7465823359495842
205,0.061751929275848466,0.04509164948008436,-0.016660279795764107,0.7302063272980195
206,0.0672891167491574,0.046667592788834235,-0.020621523960323164,0.6935384954271764
207,0.072096545474975,0.04833580309545858,-0.02376074237951642,0.6704316105164309
208,0.053674504715977754,0.0450387420521897,-0.008635762663788057,0.8391086660326951
209,0.05767906117838443,0.05106279087222877,-0.006616270306155657,0.8852916436054069
210,0.06236144935438933,0.04740665085793316,-0.014954798496456173,0.7601916143502272
211,0.05786988804832441,0.04660064276619981,-0.011269245282124599,0.8052658185079918
212,0.06145631244535359,0.04621123111519834,-0.015245081330155251,0.7519362824817867
213,0.05741668193652705,0.04837241526373658,-0.009044266672790464,0.8424801578957712
214,0.059616600666697925,0.04589415260784372,-0.013722448058854204,0.7698216955446167
215,0.06514981321151594,0.04680848344323484,-0.018341329768281102,0.7184745609517869
216,0.06072955879996167,0.0483210761450267,-0.012408482654934966,0.7956763905397778
217,0.06664867441304231,0.04657492890374839,-0.020073745509293923,0.6988125317408302
218,0.06978615425263382,0.045882852485829656,-0.023903301766804164,0.6574778761948754
219,0.056820814037964774,0.04399327998340913,-0.012827534054555646,0.7742458591672949
220,0.06281787044860467,0.047661073090329305,-0.01515679735827536,0.758718383000963
221,0.0541425691858153,0.04716536786249692,-0.006977201323318381,0.8711327994175363
222,0.053339794122273965,0.04299295315426772,-0.010346840968006248,0.8060202305189336
223,0.07199362865449897,0.047441005405257024,-0.02455262324924195,0.6589611649237571
224,0.05964115908225203,0.04814167768578502,-0.011499481396467011,0.8071888344656766
225,0.06401452180848667,0.04997451048429987,-0.0140400113241868,0.7806745887098784
226,0.057701737880621204,0.04745334924007705,-0.010248388640544157,0.822390295041945
227,0.062464091184530765,0.04633335512400942,-0.016130736060521345,0.7417598534673611
228,0.0656889736012365,0.04661686638546508,-0.01907210721577142,0.7096604472533209
229,0.0543488419125034,0.0484715541606882,-0.005877287751815202,0.891859926633265
230,0.06447451026856064,0.047949897422968575,-0.01652461284559207,0.7437031661541774
231,0.06578318679884292,0.04738320607755696,-0.018399980721285958,0.7202935641055078
232,0.06931468174772472,0.04884864892741155,-0.020466032820313167,0.7047374047708879
233,0.0676990372010947,0.045531926348657416,-0.022167110852437284,0.6725638684256082
234,0.06810437628092764,0.04647354101426014,-0.021630835266667495,0.6823869999566368
235,0.06282719165425177,0.048662546806239555,-0.014164644848012213,0.7745459493723267
236,0.06539055033735458,0.04563395567346183,-0.01975659466389275,0.6978677414096219
237,0.06277964363795005,0.04525638096735037,-0.017523262670599678,0.7208766782485058
238,0.05912912476235976,0.049961214022078225,-0.009167910740281532,0.8449510156436881
239,0.06115161496628582,0.04543332143266421,-0.015718293533621613,0.7429619227180273
240,0.055848853770678435,0.045865657096869863,-0.009983196673808571,0.8212461671138197
241,0.06671029087206812,0.04716722142411249,-0.019543069447955627,0.7070456567872889
242,0.057394256100829114,0.04474918326175955,-0.012645072839069564,0.7796805168647025
243,0.06505651590479132,0.04780101837087175,-0.01725549753391957,0.7347614256015096
244,0.05285415960000802,0.04624425351466556,-0.006609906085342461,0.8749406643608527
245,0.06332971996230853,0.04673694891010138,-0.016592771052207154,0.7379939298313248
246,0.0613248864893092,0.048110732351923334,-0.013214154137385865,0.784522159047298
247,0.06298783401113152,0.05000875790179593,-0.012979076109335588,0.7939431270641587
248,0.0615768517065088,0.047128213076866945,-0.014448638629641852,0.7653560026337851
249,0.0662304875964373,0.04748759307075728,-0.01874289452568003,0.7170050349034686
