name,feature_set,feature_count,alpha,cap,calibration_base_r68,calibration_oof_r68,calibration_oof_r90,relative_r68_improvement,calibration_base_sigma,calibration_oof_sigma,relative_sigma_improvement,calibration_protocol_successes,calibration_center_bias_max,background_applied,background_ood,background_strong,background_near_cap,background_energy_trend,background_rank_corr,background_spike_growth,background_median_scale_shift,background_ratio_q01,background_ratio_q99,time_ratio_span,safe
drift_only_a1000_c25,drift_only,1,1000.0,0.0025,0.06774135758272384,0.06773766875316366,0.13113988218470482,5.44546151983738e-05,0.04178090146749322,0.041778642134631894,5.407573273841226e-05,12,0.15699797310913066,0.2398271516024487,0.016307423221359123,0.7597921703791347,0.0,0.0010307350556187616,0.9999982808276758,1.0742296918767507,0.0,0.9978186792560464,1.0022073086379801,0.0,True
geometry_ratio_a100_c25,geometry_ratio,11,100.0,0.0025,0.06774135758272384,0.06774135758272384,0.13151894356587027,0.0,0.04178090146749322,0.04171746469227364,0.0015183199258862468,12,0.15705647577505977,0.007911929626009569,0.404599002006276,0.9872112763002212,0.0,0.002292284916987489,0.9999999178252938,1.0,0.0,1.0,1.0,0.0,False
geometry_ratio_a10_c25,geometry_ratio,11,10.0,0.0025,0.06774135758272384,0.06777847304930246,0.13119378944751672,-0.0005478996569161509,0.04178090146749322,0.041719730744102165,0.0014640833788290841,12,0.15699326612316,0.00869386285302742,0.404599002006276,0.9895056330058131,0.0,0.001866773962462034,0.9999999004342132,1.0,0.0,1.0,1.0,0.0,False
geometry_ratio_a10_c50,geometry_ratio,11,10.0,0.005,0.06774135758272384,0.06786378234947452,0.13119378944751672,-0.0018072381646792035,0.04178090146749322,0.041750847173524466,0.0007193309122862646,12,0.15701866656250796,0.016965893307268894,0.404599002006276,0.9791244405576418,0.0,0.0031282632350786927,0.9999992618852355,1.0,0.0,1.0,1.0,0.0,False
drift_only_a10_c25,drift_only,1,10.0,0.0025,0.06774135758272384,0.06771103832976984,0.13120812937883666,0.0004475737427757087,0.04178090146749322,0.04180761852105526,-0.0006394561300413493,12,0.15731363536283038,0.16080045269818408,0.016307423221359123,0.8389320438294151,0.0,0.0008776089144300374,0.999998823110458,1.1053864168618266,0.0,0.9978522851415237,1.0021717954886529,0.0,False
geometry_ratio_a100_c50,geometry_ratio,11,100.0,0.005,0.06774135758272384,0.06787393142639146,0.13162726602758093,-0.001957059149659379,0.04178090146749322,0.04184614716928297,-0.0015616154630007095,12,0.15700345423378614,0.016461752147744226,0.404599002006276,0.9746283245022892,0.0,0.003700246198481128,0.999999314728855,1.0172413793103448,0.0,1.0,1.0,0.0,False
geometry_a1000_c25,geometry,7,1000.0,0.0025,0.06774135758272384,0.0676849183839802,0.13147659255016728,0.000833157184290445,0.04178090146749322,0.04185130613262374,-0.001685092055404791,12,0.15717160047879408,0.14547044601059725,0.0638715983332476,0.850846236946345,0.0,0.0007632009626156621,0.9999988242710096,0.9258658008658008,0.0,0.9978736089126277,1.0021719768636697,0.0,False
geometry_ratio_a10_c75,geometry_ratio,11,10.0,0.0075,0.06774135758272384,0.0678694185918548,0.13109716258436804,-0.0018904405477049302,0.04178090146749322,0.04185782733764669,-0.0018411730587795105,12,0.15704024415171192,0.025340809712433767,0.404599002006276,0.9687638252996553,0.0,0.005476097463183608,0.9999974999691581,1.0172413793103448,0.0,0.9987778085797812,1.0033011003499066,0.0,False
geometry_a100_c25,geometry,7,100.0,0.0025,0.06774135758272384,0.06777095913550495,0.1312410893391965,-0.0004369790307929833,0.04178090146749322,0.04186152203684755,-0.0019296033958735581,12,0.15737115687936987,0.09951129173311385,0.0638715983332476,0.898214928751479,0.0,0.0007500462641375019,0.999999186038629,0.9742703533026115,0.0,0.9979380663335311,1.0020968413382707,0.0,False
geometry_a10_c25,geometry,7,10.0,0.0025,0.06774135758272384,0.0677280932273808,0.13139297186152932,0.00019580882073177985,0.04178090146749322,0.041872784056825874,-0.002199152869024168,12,0.1572707626031442,0.09417151088018931,0.0638715983332476,0.9038530788620814,0.0,0.0005607124814474825,0.999999236160505,0.9833333333333333,0.0,0.9979476745173786,1.0020936134552951,0.0,False
drift_only_a100_c25,drift_only,1,100.0,0.0025,0.06774135758272384,0.06772903532781277,0.13123704584135285,0.00018190150523667015,0.04178090146749322,0.04187316330500445,-0.0022082299392944815,12,0.15743374480307615,0.16841401306651577,0.016307423221359123,0.8313184834610834,0.0,0.0009217940951395172,0.9999987670660183,1.1238095238095238,0.0,0.9978475030260567,1.002174842889335,0.0,False
geometry_ratio_a100_c75,geometry_ratio,11,100.0,0.0075,0.06774135758272384,0.06783327566469408,0.13169682179739794,-0.001356897547528213,0.04178090146749322,0.04191547527585362,-0.0032209407560317427,12,0.1569141379160751,0.02482637995781676,0.404599002006276,0.962127681465096,0.0,0.005576366644025512,0.9999976545761147,0.9688013136288999,0.0,0.9988585319881994,1.0032622695576519,0.0,False
geometry_a1000_c100,geometry,7,1000.0,0.01,0.06774135758272384,0.06773031724775229,0.13130837669729775,0.0001629777637401908,0.04178090146749322,0.04198216912224044,-0.0048172166630682245,12,0.15725395047346524,0.5280827203045424,0.0638715983332476,0.45513658109985083,0.0,0.006770348738898996,0.9999453704878756,1.2110016420361247,0.0,0.9912007384464033,1.0089968338508293,0.0,False
geometry_ratio_a1000_c25,geometry_ratio,11,1000.0,0.0025,0.06774135758272384,0.06771068392295386,0.13118543412470135,0.00045280550707194056,0.04178090146749322,0.04198729308582951,-0.0049398555580919545,12,0.1572851316030055,0.017017336282730593,0.404599002006276,0.9816245691650806,0.0,0.0018489592935494361,0.9999998360254431,1.0195852534562213,0.0,1.0,1.0,0.0,False
geometry_ratio_a100_c100,geometry_ratio,11,100.0,0.01,0.06774135758272384,0.06782174628833501,0.13168076246683555,-0.0011867005398142894,0.04178090146749322,0.04202151218262712,-0.005758868446653853,12,0.15719178395550115,0.03405524975564587,0.404599002006276,0.9494932866917023,0.0,0.007514779561343549,0.9999944077897239,1.0,0.0,0.9958793270836168,1.006759909247187,0.0,False
geometry_a100_c100,geometry,7,100.0,0.01,0.06774135758272384,0.06757466317144785,0.13069841145080233,0.0024607480160466766,0.04178090146749322,0.04208204879729251,-0.007207774825863655,12,0.157881787135275,0.3745151499562735,0.0638715983332476,0.6168012757857915,0.0,0.00474735810087715,0.9999559415335691,1.0886904761904763,0.0,0.9912085282626293,1.0089454108179177,0.0,False
geometry_a1000_c50,geometry,7,1000.0,0.005,0.06774135758272384,0.06811851798692928,0.13149253941752373,-0.0055676534640578534,0.04178090146749322,0.04208479486337822,-0.007273500216873785,12,0.15779585166406762,0.28407839909460364,0.0638715983332476,0.7085446782241885,0.0,0.0020493518722217523,0.9999913630971721,1.0422427035330262,0.0,0.9956358376552472,1.0044494253159992,0.0,False
geometry_ratio_a10_c100,geometry_ratio,11,10.0,0.01,0.06774135758272384,0.06764360880198747,0.13101525082366688,0.0014429705016909544,0.04178090146749322,0.04208565348714633,-0.007294050844982802,12,0.15683721313935461,0.03404496116055353,0.404599002006276,0.9583517670662071,0.0,0.008071699934532401,0.9999940495788706,1.0350877192982455,0.0,0.9964236628122786,1.0066687422789238,0.0,False
geometry_ratio_a1000_c50,geometry_ratio,11,1000.0,0.005,0.06774135758272384,0.06773411130595176,0.13114719768970795,0.00010696976013846449,0.04178090146749322,0.04212245866201169,-0.008174959910432156,12,0.15734677954614917,0.03336591388445908,0.404599002006276,0.9637841452749627,0.0,0.0040157999354162015,0.9999986918309882,1.0362997658079627,0.0,0.9978290005927687,1.0030329674293663,0.0,False
geometry_a1000_c75,geometry,7,1000.0,0.0075,0.06774135758272384,0.06756943176463821,0.13099719931815548,0.002537974203951854,0.04178090146749322,0.04216067928192338,-0.009089746776422158,12,0.15745866309604606,0.4132105560985647,0.0638715983332476,0.5751324656618139,0.0,0.0037819566588745057,0.9999736044747266,1.009672619047619,0.0,0.9934050939324637,1.0067245927031145,0.0,False
drift_only_a1000_c75,drift_only,1,1000.0,0.0075,0.06774135758272384,0.06825068809867078,0.13129412057856488,-0.007518752710631071,0.04178090146749322,0.042220403060619256,-0.010519198430124277,12,0.1579844699139057,0.5927979834353619,0.016307423221359123,0.40616286846031174,0.0,0.0043362976262796395,0.9999682552570368,0.9877232142857143,0.0,0.9933823987998631,1.0067197657607059,0.0,False
drift_only_a1000_c100,drift_only,1,1000.0,0.01,0.06774135758272384,0.06827374072685538,0.1313747541787727,-0.007859056315507207,0.04178090146749322,0.042247987035294136,-0.011179403780081643,12,0.15619955941806463,0.7024229641442461,0.016307423221359123,0.2963218272544884,0.0,0.005934483922677597,0.9999404417688611,1.0471861471861472,0.0,0.9911721812922739,1.008968830153718,0.0,False
geometry_a10_c100,geometry,7,10.0,0.01,0.06774135758272384,0.06786471710914246,0.13066083399814643,-0.0018210371155904514,0.04178090146749322,0.04226000732130125,-0.011467101881006414,12,0.15714061740171847,0.3494315551211482,0.0638715983332476,0.6420494881423942,0.0,0.003979801626756256,0.9999580492192486,1.1336675020885547,0.0,0.9912094611765956,1.008935447587186,0.0,False
geometry_a100_c50,geometry,7,100.0,0.005,0.06774135758272384,0.06795974318240512,0.13112660058017986,-0.0032238149259791182,0.04178090146749322,0.04228945755512986,-0.012171974987957412,12,0.15814485812973222,0.1956170584906631,0.0638715983332476,0.7999691342147229,0.0,0.001238144717849766,0.9999937974096978,0.9811035525321239,0.0,0.9956785539958243,1.0043864436135377,0.0,False
drift_only_a10_c50,drift_only,1,10.0,0.005,0.06774135758272384,0.06792760284644798,0.13120040542703826,-0.0027493583000119948,0.04178090146749322,0.042319015523912,-0.012879426664296645,12,0.1583226910628529,0.3096867122794382,0.016307423221359123,0.6898091465610371,0.0,0.002334955552492823,0.9999912958955327,1.0059907834101383,0.0,0.9956068819745985,1.0044450177943403,0.0,False
geometry_a10_c50,geometry,7,10.0,0.005,0.06774135758272384,0.06796760163160884,0.13121174204177294,-0.0033398215943445386,0.04178090146749322,0.04235103660901391,-0.01364583150424048,12,0.15822048093576913,0.18218015330006687,0.0638715983332476,0.8139204691599362,0.0,0.0011172493888396773,0.9999942189694275,0.9936120789779326,0.0,0.9956909512321491,1.0043705059826318,0.0,False
geometry_ratio_a1000_c75,geometry_ratio,11,1000.0,0.0075,0.06774135758272384,0.06764950478259432,0.13108207422560947,0.0013559338549917754,0.04178090146749322,0.042351670364527416,-0.013661000049945526,12,0.15696046472556635,0.05165903595863985,0.404599002006276,0.9435361901332373,0.0,0.0063558986361040605,0.9999954349810202,1.0265567765567765,0.0,0.9950782306773117,1.0059341117096015,0.0,False
geometry_a10_c75,geometry,7,10.0,0.0075,0.06774135758272384,0.06814836543943843,0.13120189736409377,-0.0060082624741844,0.04178090146749322,0.042425664407860234,-0.015432001649573257,12,0.15827972667629375,0.26862492926590875,0.0638715983332476,0.7251916250835948,0.0,0.0022656485667832517,0.9999811329339314,1.1383415435139572,0.0,0.9934479570191442,1.006656476127026,0.0,False
drift_only_a1000_c50,drift_only,1,1000.0,0.005,0.06774135758272384,0.06798586366453162,0.13092442139111277,-0.0036094062849152397,0.04178090146749322,0.04243412445582423,-0.01563448765793707,12,0.1582448802450258,0.44296517310561245,0.016307423221359123,0.5563352024281084,0.0,0.002607790545712691,0.9999882659788483,1.0225137674117266,0.0,0.9955914715044285,1.0044698692275595,0.0,False
drift_only_a100_c75,drift_only,1,100.0,0.0075,0.06774135758272384,0.06811751809402503,0.13092073118179762,-0.005552893014312943,0.04178090146749322,0.04243713171050899,-0.01570646443630075,12,0.15818707390090236,0.45283193579916664,0.016307423221359123,0.546458151139462,0.0,0.0039539661649193635,0.9999732413573136,1.0559284116331096,0.0,0.9933812593270324,1.00670726410473,0.0,False
geometry_a100_c75,geometry,7,100.0,0.0075,0.06774135758272384,0.06794952493577942,0.1309933484723506,-0.0030729728556351255,0.04178090146749322,0.04246085817391288,-0.01627434264310179,12,0.15810994550720825,0.2872472863830444,0.0638715983332476,0.7062194557333196,0.0,0.0030760927569950143,0.9999801357051188,1.03015873015873,0.0,0.9934304072746253,1.0066638974454911,0.0,False
drift_only_a100_c50,drift_only,1,100.0,0.005,0.06774135758272384,0.06795144689664329,0.13125426929130013,-0.0031013449009031913,0.04178090146749322,0.04249707495819095,-0.017141168944258878,12,0.15838818255750586,0.3225474561448634,0.016307423221359123,0.6769175369103348,0.0,0.0024796533367782967,0.9999909833318835,1.0034013605442178,0.0,0.9956050969149277,1.0044437420055459,0.0,False
drift_only_a10_c75,drift_only,1,10.0,0.0075,0.06774135758272384,0.06828165524109422,0.13092820199924288,-0.007975890617641923,0.04178090146749322,0.04271139742779982,-0.02227084451565875,12,0.15807826272905845,0.4363084520808684,0.016307423221359123,0.5630227892381295,0.0,0.004027745794554843,0.9999739418582778,1.0454042081949058,0.0,0.9933912410709865,1.0067064170123758,0.0,False
drift_only_a100_c100,drift_only,1,100.0,0.01,0.06774135758272384,0.06820552192361364,0.13131598585499127,-0.006852008248033226,0.04178090146749322,0.042729283236738885,-0.022698930275200757,12,0.15771172603109396,0.5578579145017748,0.016307423221359123,0.4411852461546376,0.0,0.005775510908946539,0.9999453332508011,1.0077639751552794,0.0,0.9911872522115545,1.0089683475264686,0.0,False
drift_only_a10_c100,drift_only,1,10.0,0.01,0.06774135758272384,0.06818488169519095,0.13110109526031283,-0.006547316562492744,0.04178090146749322,0.042833635899444666,-0.02519654662718329,12,0.15765648947393196,0.540110087967488,0.016307423221359123,0.45898451566438603,0.0,0.00569057025524948,0.999946209943092,1.0067460317460317,0.0,0.9911779598780766,1.0089656637284925,0.0,False
geometry_ratio_a1000_c100,geometry_ratio,11,1000.0,0.01,0.06774135758272384,0.06734681826182477,0.13097677598526533,0.0058242015657461454,0.04178090146749322,0.04319373480984012,-0.03381529102348657,12,0.15629781539372756,0.07062091671382273,0.404599002006276,0.9214877308503524,0.0,0.011110033870045855,0.9999887642483274,1.0265567765567765,0.0,0.9929768490846687,1.0084274704689826,0.0,False
