id,set,features,bins,shrink,cap,sigma_gain,r68_gain,r90_gain,protocol,bg_applied,bg_ood,bg_strong,rank,spike,spike2600,q01,q99,time_span,time_coverage,blocks,safe,passes
top_xy_b4_s3_c50,top_xy,dt|wS2CDF_max|xS2T_max|yS2T_max,4,0.3,0.005,0.0023158851467508512,0.0015088088000292377,0.0005539776714231781,12,0.8911775297083183,0.0006584700859097691,0.10511857605843922,0.9999806192631494,1.0963995354239258,0.9488304093567251,0.9955559997148006,1.004437063190556,0.00019006518558306595,0.006801365574230611,10,True,15
both_xy_b4_s3_c50,both_xy,dt|wS2CDF_max|xS2T_max|yS2T_max|yS2Tcor_max|xS2Bcor_max,4,0.3,0.005,0.0006361486487354018,-4.8428752996487745e-05,-0.0013189164895235361,12,0.8513400895107773,0.004959102834507948,0.14097432995524461,0.999981513410224,0.9772256728778468,0.9772256728778468,0.9955523212321002,1.0044588350398274,0.00016412780390262505,0.011648456084134007,10,True,15
corrected_xy_b8_s6_c75,corrected_xy,dt|wS2CDF_max|yS2Tcor_max|xS2Bcor_max,8,0.6,0.0075,0.0018268279573150359,-0.010323168106338487,0.0018640774698523987,12,0.6232830906939657,0.004928237049230928,0.3716240547353259,0.9999674320970389,1.0613756613756613,1.0157509157509157,0.993352006090745,1.0067475961274281,0.00028354967755395144,0.01568951279933939,10,False,14
both_xy_b8_s9_c25,both_xy,dt|wS2CDF_max|xS2T_max|yS2T_max|yS2Tcor_max|xS2Bcor_max,8,0.9,0.0025,-0.00048306535828324115,-6.224732558779422e-05,-0.0004341495733464207,12,0.16037862029939812,0.004959102834507948,0.8388703122588611,0.9999988189917849,1.0479969765684052,1.0479969765684052,0.9978575010465403,1.0021837901273518,0.0003802724355561615,0.015086084750181528,10,False,14
corrected_xy_b6_s3_c50,corrected_xy,dt|wS2CDF_max|yS2Tcor_max|xS2Bcor_max,6,0.3,0.005,-0.0007143839676073682,-0.0009748544358807454,-0.001923776005203548,12,0.7946910849323525,0.004928237049230928,0.19780852924533154,0.9999802988925114,0.9961038961038962,0.9961038961038962,0.9955489526412662,1.004492289622996,0.00018597672963172052,0.011229746776269645,10,False,14
both_xy_b4_s3_c75,both_xy,dt|wS2CDF_max|xS2T_max|yS2T_max|yS2Tcor_max|xS2Bcor_max,4,0.3,0.0075,-0.0011490916934184803,0.0016824912740193154,0.0023693261830184387,12,0.9557796182931221,0.004959102834507948,0.03620556612994496,0.9999664841775392,1.0886904761904763,1.0471861471861472,0.9933491458914039,1.0059485438919296,0.000175908545560155,0.005367464905037145,10,False,14
top_xy_b8_s9_c25,top_xy,dt|wS2CDF_max|xS2T_max|yS2T_max,8,0.9,0.0025,-0.0012480153654415016,0.0003021978474887499,-0.00019921142148171533,12,0.16585215288852306,0.0006584700859097691,0.8339112094243532,0.9999987803912622,1.042929292929293,1.042929292929293,0.9978459235242417,1.0021699644145041,0.0002204359213857643,0.011886878451637856,10,False,14
both_xy_b4_s6_c25,both_xy,dt|wS2CDF_max|xS2T_max|yS2T_max|yS2Tcor_max|xS2Bcor_max,4,0.6,0.0025,-0.0019488467153803146,0.0019125256840909488,0.0007432191047799241,12,0.29940840578219047,0.004959102834507948,0.6980194454447245,0.99999800725524,1.0727272727272728,1.0727272727272728,0.9978009554915095,1.0022249154643843,0.00023500140945986736,0.019199009083402163,10,False,14
corrected_xy_b4_s3_c25,corrected_xy,dt|wS2CDF_max|yS2Tcor_max|xS2Bcor_max,4,0.3,0.0025,-0.0020519847586075723,0.000349388850145238,-0.00022867705555684736,12,0.5197180924944699,0.004928237049230928,0.4762282010391481,0.9999964244528793,1.0702947845804989,0.950915750915751,0.9977740572187389,1.0022463870647733,0.00020140749419161885,0.010838150289017356,10,False,14
top_xy_b6_s9_c25,top_xy,dt|wS2CDF_max|xS2T_max|yS2T_max,6,0.9,0.0025,-0.002417317907585037,-0.00010863787736492547,-0.00010863787736470343,12,0.15956582128710325,0.0006584700859097691,0.8400843664797571,0.9999988560318018,1.0714285714285714,1.0714285714285714,0.9978498512456727,1.0021731338367184,0.0002858887435939206,0.010234786160065207,10,False,14
corrected_xy_b6_s6_c25,corrected_xy,dt|wS2CDF_max|yS2Tcor_max|xS2Bcor_max,6,0.6,0.0025,-0.006573559489337022,0.0007288540188602477,0.00044268462142993403,12,0.23151396676783786,0.004928237049230928,0.7671588044652503,0.9999984171119752,1.0350877192982455,1.0350877192982455,0.9978118170932087,1.0021983205202245,0.00037117927908669746,0.015483071841453339,10,False,14
top_xy_b4_s9_c25,top_xy,dt|wS2CDF_max|xS2T_max|yS2T_max,4,0.9,0.0025,-0.0072358643983803095,-0.00025735424051598343,-0.0006229500086774031,12,0.18439220124492,0.0006584700859097691,0.8150727918102783,0.9999986546640665,1.0714285714285714,1.0714285714285714,0.9978242334130647,1.0021957614166397,0.0002166117026010106,0.015586292320396378,10,False,14
corrected_xy_b8_s3_c75,corrected_xy,dt|wS2CDF_max|yS2Tcor_max|xS2Bcor_max,8,0.3,0.0075,-0.010278894280179252,0.0026261633596992295,0.0026116950103924896,12,0.9047276094449302,0.004928237049230928,0.08733988373887545,0.9999599534882838,1.0702947845804989,0.985797827903091,0.9933308968191354,1.0066394428775112,0.00016410106263897717,0.0060802178127885576,10,False,14
both_xy_b4_s6_c50,both_xy,dt|wS2CDF_max|xS2T_max|yS2T_max|yS2Tcor_max|xS2Bcor_max,4,0.6,0.005,-0.017184710493968858,0.00010917513682917601,0.0026540974646543924,12,0.5682905499254077,0.004959102834507948,0.42713102525850094,0.999985325201239,1.0535714285714286,1.0535714285714286,0.9955622551411233,1.0044865797693403,0.00025448820146567463,0.01275441413764955,10,False,14
corrected_xy_b8_s6_c50,corrected_xy,dt|wS2CDF_max|yS2Tcor_max|xS2Bcor_max,8,0.6,0.005,-0.0178499735968376,-0.0007343503914798433,-0.0018112084493351333,12,0.436750861669839,0.004928237049230928,0.5608107412932763,0.999988904486061,1.027363184079602,1.027363184079602,0.9955876207887999,1.0044761099320492,0.00029681854491925286,0.014966969446738254,10,False,14
top_xy_b4_s6_c50,top_xy,dt|wS2CDF_max|xS2T_max|yS2T_max,4,0.6,0.005,-0.018118866178713278,-0.0009571046044203335,0.0035206658655618783,12,0.5802356088276146,0.0006584700859097691,0.41765522917845566,0.9999841486258447,0.9950396825396826,0.9276729559748428,0.9955511068304779,1.0044945495253155,0.0002743397101003797,0.013787780144151163,10,False,14
top_xy_b4_s3_c75,top_xy,dt|wS2CDF_max|xS2T_max|yS2T_max,4,0.3,0.0075,-0.01929462373852253,0.002266576146203625,0.007241196841994646,12,0.9961726426256494,0.0006584700859097691,0.0,0.9999662158370075,1.0243055555555556,1.0159438775510203,0.9934595531177743,1.0055908378812406,0.00016400309810404856,0.0008257957916470993,10,False,14
corrected_xy_b4_s9_c75,corrected_xy,dt|wS2CDF_max|yS2Tcor_max|xS2Bcor_max,4,0.9,0.0075,0.006660569841018593,-0.003031919833017538,0.005700440528871642,12,0.6240958897062606,0.004928237049230928,0.37102731621997015,0.9999622358995238,1.1467444120505346,1.046685340802988,0.9933371017028878,1.0067525346211201,0.000413033302417265,0.01131521874474517,10,False,13
both_xy_b6_s9_c25,both_xy,dt|wS2CDF_max|xS2T_max|yS2T_max|yS2Tcor_max|xS2Bcor_max,6,0.9,0.0025,-0.0005583165090696784,-0.0005168065603873284,0.0005798111771767589,12,0.17679921806677298,0.004959102834507948,0.8217295128350224,0.9999987993646219,1.155026455026455,0.9742703533026115,0.9978483914443429,1.0021960012958497,0.00037273163646345253,0.014760528488852204,10,False,13
corrected_xy_b8_s9_c25,corrected_xy,dt|wS2CDF_max|yS2Tcor_max|xS2Bcor_max,8,0.9,0.0025,-0.000919837304441895,-0.0005204611568843109,-0.002447668645151113,12,0.17664488914038787,0.004928237049230928,0.8228303925099028,0.9999987105561993,1.0535714285714286,1.0535714285714286,0.9978571636453644,1.002185032832546,0.00021788253639187793,0.014158581257794539,10,False,13
top_xy_b8_s6_c75,top_xy,dt|wS2CDF_max|xS2T_max|yS2T_max,8,0.6,0.0075,-0.0012916113435010868,-0.0066018108277083876,-0.0009049543526533643,12,0.6371521168784402,0.0006584700859097691,0.3603477545141211,0.9999654050964154,1.068840579710145,1.0271377368151562,0.9933390318006554,1.0067431138687712,0.00023395245921120633,0.017547481420313815,10,False,13
top_xy_b4_s6_c25,top_xy,dt|wS2CDF_max|xS2T_max|yS2T_max,4,0.6,0.0025,-0.0016668403670661025,0.0010150439529805766,-0.0031170139125848983,12,0.27136169556047124,0.0006584700859097691,0.7278563712125109,0.9999980492753443,1.0476190476190477,1.0476190476190477,0.9977994691958151,1.0022193224855955,0.000128082310627331,0.018579686209743984,10,False,13
both_xy_b4_s3_c25,both_xy,dt|wS2CDF_max|xS2T_max|yS2T_max|yS2Tcor_max|xS2Bcor_max,4,0.3,0.0025,-0.002525693622581482,-0.0019059303276482975,-0.0013144820398398593,12,0.5190287566232831,0.004959102834507948,0.476526570296826,0.9999966091048794,1.0786564625850341,1.0786564625850341,0.997779436018041,1.002240792345983,0.00015291530470640247,0.016052132126644914,10,False,13
top_xy_b6_s3_c75,top_xy,dt|wS2CDF_max|xS2T_max|yS2T_max,6,0.3,0.0075,-0.002527265746542051,-0.0022872276927634605,0.004297135781882955,12,0.9539585369617779,0.0006584700859097691,0.04225526004424096,0.9999587770444857,1.0454042081949058,1.0132708821233412,0.993295504859097,1.00639538437608,0.00018621107053395924,0.007122213047068504,10,False,13
both_xy_b6_s3_c75,both_xy,dt|wS2CDF_max|xS2T_max|yS2T_max|yS2Tcor_max|xS2Bcor_max,6,0.3,0.0075,-0.002700563161819547,-0.005100318874474263,0.002889383281027058,12,0.9039662534080971,0.004959102834507948,0.08810123977570862,0.9999605628990987,1.0974702380952381,1.0974702380952381,0.9933358215369653,1.006596902466303,0.0001536935082613322,0.008660527372379323,10,False,13
corrected_xy_b8_s6_c25,corrected_xy,dt|wS2CDF_max|yS2Tcor_max|xS2Bcor_max,8,0.6,0.0025,-0.0032136164220049057,-0.00036536889847438303,-0.002247384663276897,12,0.24025927259632698,0.004928237049230928,0.7586604249189773,0.9999982909472171,1.0727272727272728,1.0727272727272728,0.9978175471483186,1.002204133194667,0.0001591797755695623,0.0157927332782824,10,False,13
both_xy_b8_s3_c25,both_xy,dt|wS2CDF_max|xS2T_max|yS2T_max|yS2Tcor_max|xS2Bcor_max,8,0.3,0.0025,-0.0033912652634655593,0.000140767473639003,2.578346087156458e-05,12,0.3948042594783682,0.004959102834507948,0.6019342558773599,0.9999974240093472,1.1589285714285713,1.060197663971249,0.9977948634001194,1.0022325439788797,0.00010309109931583293,0.015832949741076296,10,False,13
both_xy_b6_s3_c50,both_xy,dt|wS2CDF_max|xS2T_max|yS2T_max|yS2Tcor_max|xS2Bcor_max,6,0.3,0.005,-0.0034372363431030006,-0.00040800316616262933,-0.0006412779922084777,12,0.735994649930552,0.004959102834507948,0.2573280518545193,0.9999822424256345,1.1238095238095238,1.0854978354978355,0.99554812257504,1.0044887542523606,0.00017563585407476268,0.018345525189291223,10,False,13
both_xy_b8_s6_c25,both_xy,dt|wS2CDF_max|xS2T_max|yS2T_max|yS2Tcor_max|xS2Bcor_max,8,0.6,0.0025,-0.003439555204001632,4.3095716555918706e-05,-0.0035158930054073334,12,0.2287874890683677,0.004959102834507948,0.7699264365450897,0.9999984063371922,0.9800664451827243,0.9441842310694769,0.9978249717039669,1.0022150049235972,0.00027881056543965776,0.01591890111109512,10,False,13
both_xy_b6_s3_c25,both_xy,dt|wS2CDF_max|xS2T_max|yS2T_max|yS2Tcor_max|xS2Bcor_max,6,0.3,0.0025,-0.004038496188913054,-0.0016120556875793834,5.18089369460073e-05,12,0.4169658933072689,0.004959102834507948,0.5792890580791193,0.9999973111229812,1.0805860805860807,1.0805860805860807,0.9977873148760917,1.002233150550973,0.00017039281620800928,0.015525674658595778,10,False,13
corrected_xy_b6_s3_c75,corrected_xy,dt|wS2CDF_max|yS2Tcor_max|xS2Bcor_max,6,0.3,0.0075,-0.005487087287297854,-0.0028026835035823705,0.009712894271517447,12,0.9541334430783477,0.004928237049230928,0.03789289572508874,0.9999584879453824,1.0471861471861472,1.0471861471861472,0.9933162017923884,1.0062946922216045,0.00017470964756460816,0.004748142031379077,10,False,13
top_xy_b6_s6_c25,top_xy,dt|wS2CDF_max|xS2T_max|yS2T_max,6,0.6,0.0025,-0.005521807662387523,-0.0013116154606893637,-0.0016741426259903047,12,0.2238078090436751,0.0006584700859097691,0.7755337208704152,0.9999984146010886,1.03015873015873,1.03015873015873,0.9978120789141843,1.002202123387104,0.00012667726447346261,0.01488616365328349,10,False,13
top_xy_b6_s3_c25,top_xy,dt|wS2CDF_max|xS2T_max|yS2T_max,6,0.3,0.0025,-0.00584155178951451,-0.0012053972678713887,0.00016731131890901363,12,0.40775760069962447,0.0006584700859097691,0.590925459128556,0.9999971718094146,1.0368480725623583,0.9969278033794163,0.9977803655702469,1.0022439385637725,0.000140853569405186,0.01851797125107779,10,False,13
top_xy_b4_s3_c25,top_xy,dt|wS2CDF_max|xS2T_max|yS2T_max,4,0.3,0.0025,-0.005976467125669904,-0.0018738701974310157,0.00046388358580728983,12,0.5299655332064407,0.0006584700859097691,0.4681516538916611,0.9999963293566638,0.998941798941799,0.9365079365079365,0.9977726287079366,1.0022450167242742,0.00011776808937602468,0.014298502588214412,10,False,13
top_xy_b8_s3_c75,top_xy,dt|wS2CDF_max|xS2T_max|yS2T_max,8,0.3,0.0075,-0.006200438072155867,-0.0007015430535588507,0.00140559268396645,12,0.9011266011626112,0.0006584700859097691,0.0951695046041463,0.9999609876165244,1.164924506387921,0.9833333333333333,0.9933505022843856,1.0065661260247731,0.00022100609121400439,0.008360858794384862,10,False,13
top_xy_b8_s3_c50,top_xy,dt|wS2CDF_max|xS2T_max|yS2T_max,8,0.3,0.005,-0.006521069192203743,-0.0036897199480199205,0.0012357460467092851,12,0.732095272390555,0.0006584700859097691,0.2647769947013735,0.9999828550759005,1.012735326688815,0.9577922077922078,0.9955415527025793,1.004482618138496,0.00016716392663806978,0.017003211521591566,10,False,13
top_xy_b8_s6_c25,top_xy,dt|wS2CDF_max|xS2T_max|yS2T_max,8,0.6,0.0025,-0.009303324447658579,-0.0022375026260295083,-0.00017811648177223915,12,0.23423015587221566,0.0006584700859097691,0.7652348371829827,0.9999983304777329,1.0265567765567765,0.9783163265306122,0.9978134487202288,1.0021997715583397,0.00021230987782017152,0.014474506874788573,10,False,13
both_xy_b6_s6_c75,both_xy,dt|wS2CDF_max|xS2T_max|yS2T_max|yS2Tcor_max|xS2Bcor_max,6,0.6,0.0075,-0.011162490009437365,-0.005351846179246111,0.002340158052886565,12,0.6490045784248161,0.004959102834507948,0.34562477493698235,0.9999639154295368,1.0886904761904763,0.9577922077922078,0.9933401134798263,1.0067395526398295,0.0002979488124221774,0.021366639141205623,10,False,13
corrected_xy_b4_s9_c50,corrected_xy,dt|wS2CDF_max|yS2Tcor_max|xS2Bcor_max,4,0.9,0.005,-0.015519503185045025,-0.002286026141669284,0.0035675172988884896,12,0.4076341375585164,0.004928237049230928,0.5895982303616442,0.9999882602846921,1.0373626373626375,1.0373626373626375,0.9955697496368038,1.0044889428338504,0.0003968884913421178,0.015070189925681265,10,False,13
both_xy_b8_s6_c75,both_xy,dt|wS2CDF_max|xS2T_max|yS2T_max|yS2Tcor_max|xS2Bcor_max,8,0.6,0.0075,-0.017736697646643318,-0.003427343679575978,0.001527011699721581,12,0.6117392870003601,0.004959102834507948,0.3832707443798549,0.9999674288298765,1.0259497057249867,1.0259497057249867,0.9933547440337442,1.006724218260941,0.00028549523515342123,0.020953757225433467,10,False,13
corrected_xy_b6_s6_c50,corrected_xy,dt|wS2CDF_max|yS2Tcor_max|xS2Bcor_max,6,0.6,0.005,-0.0186566512141364,-0.0016660468740434808,0.001450845903124609,12,0.47300787077524564,0.004928237049230928,0.5230824630896651,0.9999874394966016,1.0535714285714286,0.9742703533026115,0.9955574464998033,1.0045004030158136,0.00032716848864100534,0.01744426094137075,10,False,13
corrected_xy_b6_s9_c75,corrected_xy,dt|wS2CDF_max|yS2Tcor_max|xS2Bcor_max,6,0.9,0.0075,-0.020340045045664334,-0.0027921829372130613,0.0021413875250777537,12,0.5089356448376974,0.004928237049230928,0.487144400432121,0.9999699369758743,0.9885361552028219,0.9644633972992182,0.9933497105548326,1.0067387553033185,0.000440850562745565,0.013418662262592918,10,False,13
top_xy_b6_s6_c50,top_xy,dt|wS2CDF_max|xS2T_max|yS2T_max,6,0.6,0.005,-0.02049396924865232,-0.0022523587357465846,-0.0016374441733131295,12,0.465003343793405,0.0006584700859097691,0.5331755748752508,0.9999873696652699,1.0383022774327122,0.9725274725274725,0.9955605590287541,1.004487573443328,0.00027194647480266454,0.019246416569344615,10,False,13
top_xy_b6_s9_c50,top_xy,dt|wS2CDF_max|xS2T_max|yS2T_max,6,0.9,0.005,-0.021400002190567147,-0.003519492504499233,0.00020595552882329837,12,0.3245640207829621,0.0006584700859097691,0.6744791398734503,0.9999908670369347,1.0157509157509157,1.0157509157509157,0.9955968140930065,1.0044733211061256,0.00037228273480227614,0.01850928875646135,10,False,13
corrected_xy_b8_s9_c50,corrected_xy,dt|wS2CDF_max|yS2Tcor_max|xS2Bcor_max,8,0.9,0.005,-0.023297292243702472,0.000727532593559399,-0.002779841931838334,12,0.3269098204640156,0.004928237049230928,0.6718864139101806,0.9999911975923148,1.0172413793103448,1.0172413793103448,0.9956329578381742,1.0044506294013666,0.00025437573602138386,0.017547481420313815,10,False,13
top_xy_b6_s9_c75,top_xy,dt|wS2CDF_max|xS2T_max|yS2T_max,6,0.9,0.0075,-0.024682389786817138,-0.006105862531768924,0.004000613378492335,12,0.49920263388034364,0.0006584700859097691,0.49882195586192707,0.9999698041285651,0.9950396825396826,0.9588057445200303,0.9933485197743788,1.0067345196376363,0.000498805293359661,0.017288732427376607,10,False,13
both_xy_b8_s6_c50,both_xy,dt|wS2CDF_max|xS2T_max|yS2T_max|yS2Tcor_max|xS2Bcor_max,8,0.6,0.005,-0.024800741452399633,0.0014515349726123006,-0.002464796264508129,12,0.4434487370749524,0.004959102834507948,0.5530942949740213,0.9999886206462536,1.0034013605442178,0.950915750915751,0.9955870930878676,1.004476465754304,0.00022739697287166294,0.014450867052023086,10,False,13
both_xy_b4_s6_c75,both_xy,dt|wS2CDF_max|xS2T_max|yS2T_max|yS2Tcor_max|xS2Bcor_max,4,0.6,0.0075,0.00881517725490133,-0.0019203562367715588,0.0021301492397344246,12,0.7699573023303667,0.004959102834507948,0.22365348011728997,0.999959199415195,1.2900874635568513,1.2900874635568513,0.9933269801192914,1.0067338916077329,0.0002992317605576833,0.016412056151940524,10,False,12
top_xy_b6_s3_c50,top_xy,dt|wS2CDF_max|xS2T_max|yS2T_max,6,0.3,0.005,0.0006679086230032549,-0.001222989841221933,0.0016904329952618369,12,0.7916456607850199,0.0006584700859097691,0.20492823704923094,0.999980327902298,1.1132075471698113,1.1132075471698113,0.995538625479601,1.0044889155395014,0.00011139404291071742,0.01060992319433296,10,False,12
corrected_xy_b4_s3_c50,corrected_xy,dt|wS2CDF_max|yS2Tcor_max|xS2Bcor_max,4,0.3,0.005,-0.0006908331539245971,-0.0021250057034079006,-0.0020837571134582067,12,0.8956119141931169,0.004928237049230928,0.09641442461031946,0.9999800950434219,1.0607385811467445,0.9532312925170069,0.9955379537311759,1.0044438084749765,0.00018824688332541584,0.005677126341866234,10,False,12
corrected_xy_b8_s3_c50,corrected_xy,dt|wS2CDF_max|yS2Tcor_max|xS2Bcor_max,8,0.3,0.005,-0.0035686102777023887,-0.003356250677602146,0.003993420214416732,12,0.7210967642368434,0.004928237049230928,0.27193785688564226,0.9999834014699724,1.1760797342192693,1.017943409247757,0.9955499055211086,1.004493831929061,0.00013235382153142794,0.017857142857142794,10,False,12
top_xy_b8_s9_c50,top_xy,dt|wS2CDF_max|xS2T_max|yS2T_max,8,0.9,0.005,-0.0037279027983940782,-0.0022857825406650267,-0.0025139052925993166,12,0.320417716960749,0.0006584700859097691,0.6790164103091723,0.9999911316542209,1.042929292929293,1.042929292929293,0.9956065663559033,1.0044421415804172,0.00044527034714048064,0.01448362615747778,10,False,12
corrected_xy_b6_s3_c25,corrected_xy,dt|wS2CDF_max|yS2Tcor_max|xS2Bcor_max,6,0.3,0.0025,-0.004276092459458702,-0.001315375216591308,-0.0020765916821834374,12,0.4087453058284891,0.004928237049230928,0.5884047533309327,0.99999722081353,1.0714285714285714,1.0714285714285714,0.9977808631269953,1.002242491689552,0.00016001619210315177,0.01893067205960025,10,False,12
corrected_xy_b6_s9_c25,corrected_xy,dt|wS2CDF_max|yS2Tcor_max|xS2Bcor_max,6,0.9,0.0025,-0.004973817997232954,-0.00017901636261741238,-0.0007389163774775831,12,0.16977210761870468,0.004928237049230928,0.8294048047739081,0.9999987979802812,1.1666666666666667,1.1666666666666667,0.9978429228022154,1.002177597246309,0.0003135905713900211,0.016325422966393582,10,False,12
top_xy_b8_s6_c50,top_xy,dt|wS2CDF_max|xS2T_max|yS2T_max,8,0.6,0.005,-0.005873560311776327,-0.007014961363497552,-0.004227037963008051,12,0.4422243942589639,0.0006584700859097691,0.5566644374710633,0.9999884224773261,1.0894071914480077,0.9511408730158731,0.99557558125913,1.0044864467131087,0.0002536392726386616,0.017960363336085916,10,False,12
both_xy_b8_s3_c75,both_xy,dt|wS2CDF_max|xS2T_max|yS2T_max|yS2Tcor_max|xS2Bcor_max,8,0.3,0.0075,-0.005919051290442123,-0.001919148796603709,0.001344569655299277,12,0.8661042234682854,0.004959102834507948,0.12609702145172078,0.9999615611599946,1.1812770562770563,0.985797827903091,0.9933597824331095,1.0066982582896207,0.00018851467481906248,0.012165986030111209,10,False,12
both_xy_b6_s6_c25,both_xy,dt|wS2CDF_max|xS2T_max|yS2T_max|yS2Tcor_max|xS2Bcor_max,6,0.6,0.0025,-0.00617832948017516,-8.693147404037482e-05,0.00026709482983400257,12,0.24657646998302382,0.004959102834507948,0.7511806162868461,0.999998374373355,1.222663139329806,1.222663139329806,0.9978170725800168,1.0022067019887937,0.0002986943327023539,0.015792733278282373,10,False,12
top_xy_b8_s3_c25,top_xy,dt|wS2CDF_max|xS2T_max|yS2T_max,8,0.3,0.0025,-0.00620058026081205,-0.0019280504920042851,0.0009757730541847254,12,0.39805545552754773,0.0006584700859097691,0.6009156849632182,0.9999973076375587,1.2334494773519165,0.9811035525321239,0.9977861194331494,1.002231197545378,0.00017526941881707003,0.020684535972118556,10,False,12
both_xy_b4_s9_c25,both_xy,dt|wS2CDF_max|xS2T_max|yS2T_max|yS2Tcor_max|xS2Bcor_max,4,0.9,0.0025,-0.0076270675240652785,8.050202526155292e-05,0.0006361009789285221,12,0.21499048304953958,0.004959102834507948,0.7830958382632851,0.9999985861009946,1.1493506493506493,1.1493506493506493,0.9978213094693497,1.0021997657884707,0.00016076522058328102,0.017155970160002504,10,False,12
both_xy_b8_s3_c50,both_xy,dt|wS2CDF_max|xS2T_max|yS2T_max|yS2Tcor_max|xS2Bcor_max,8,0.3,0.005,-0.009338899609533602,-0.0034334896765189082,0.0010218577616428748,12,0.6844590771130202,0.004959102834507948,0.30966613508925356,0.9999841552389755,1.1306620209059235,1.0656814449917897,0.9955529561513993,1.0044844317997026,0.00017378234307963147,0.01909578860445904,10,False,12
corrected_xy_b6_s9_c50,corrected_xy,dt|wS2CDF_max|yS2Tcor_max|xS2Bcor_max,6,0.9,0.005,-0.010387590166619054,-0.0016387292011170729,-0.002207597604497069,12,0.3416430886362467,0.004928237049230928,0.6560522660630691,0.9999906616531772,1.0216450216450217,1.0216450216450217,0.9955893763171507,1.0044649482917332,0.00033328198579685164,0.018786127167630062,10,False,12
top_xy_b8_s9_c75,top_xy,dt|wS2CDF_max|xS2T_max|yS2T_max,8,0.9,0.0075,-0.017402268147344024,-0.0023332705566323497,-0.0018034910496942391,12,0.4723082463089665,0.0006584700859097691,0.5263439477339369,0.9999723689163211,1.1434108527131783,1.0642135642135642,0.9933704243139352,1.0067406163933492,0.0003192336321691247,0.0157927332782824,10,False,12
both_xy_b8_s9_c50,both_xy,dt|wS2CDF_max|xS2T_max|yS2T_max|yS2Tcor_max|xS2Bcor_max,8,0.9,0.005,-0.019515883533465228,-0.0009080493668263134,-0.00043952803759506054,12,0.3217140799423839,0.004959102834507948,0.6764133957508103,0.9999911120863867,1.1194196428571428,1.1194196428571428,0.9956280966377714,1.0044740922696098,0.00026808642282993844,0.019438049346228392,10,False,12
both_xy_b6_s9_c75,both_xy,dt|wS2CDF_max|xS2T_max|yS2T_max|yS2Tcor_max|xS2Bcor_max,6,0.9,0.0075,-0.01988056263743787,-0.0013265638024357873,-0.0038907685238174228,12,0.4989865733834045,0.004959102834507948,0.49694943155512117,0.9999713040672921,1.058382257012394,1.058382257012394,0.9933597599731565,1.0067232215091808,0.00040915080969083917,0.018373245251857906,10,False,12
both_xy_b4_s9_c50,both_xy,dt|wS2CDF_max|xS2T_max|yS2T_max|yS2Tcor_max|xS2Bcor_max,4,0.9,0.005,-0.0208043653054395,-0.0019875682789962656,0.0022664609823197512,12,0.42231596275528577,0.004959102834507948,0.5741344719378569,0.9999887509062191,1.164924506387921,0.9532312925170069,0.9955775935428166,1.0044751495887243,0.0003658303545062136,0.02054087530966142,10,False,12
corrected_xy_b8_s9_c75,corrected_xy,dt|wS2CDF_max|yS2Tcor_max|xS2Bcor_max,8,0.9,0.0075,-0.021808081679226543,0.0016922656641944478,-0.0016975430187871066,12,0.4676578013272288,0.004928237049230928,0.5295642779978394,0.9999737761204602,1.1706349206349207,1.1706349206349207,0.9933759688122223,1.0067248287395616,0.00025633978824068926,0.013109000825763828,10,False,12
top_xy_b4_s9_c50,top_xy,dt|wS2CDF_max|xS2T_max|yS2T_max,4,0.9,0.005,-0.026571734062376784,-0.00280753164968206,0.004058394467527204,12,0.40375533720870416,0.0006584700859097691,0.5949585884047534,0.9999882835016504,1.184407096171802,0.8939393939393939,0.9955713380148931,1.0044834516194712,0.000366225590233471,0.017547481420313815,10,False,12
corrected_xy_b4_s6_c75,corrected_xy,dt|wS2CDF_max|yS2Tcor_max|xS2Bcor_max,4,0.6,0.0075,-0.00191329166430676,-0.004423932738170988,0.001697627441753724,12,0.812099387828592,0.004928237049230928,0.1803179175883533,0.9999559094544758,1.1662174303683739,1.1662174303683739,0.9933121948856618,1.0067350869528833,0.000344453944497225,0.012986124883548,10,False,11
corrected_xy_b4_s6_c25,corrected_xy,dt|wS2CDF_max|yS2Tcor_max|xS2Bcor_max,4,0.6,0.0025,-0.0024720219173328672,-6.020182876609326e-05,-0.003778312043239973,12,0.2730387365605227,0.004928237049230928,0.7254899943412727,0.9999980757738022,1.2542517006802723,1.2542517006802723,0.9977998654012123,1.0022203102229434,0.00025087696333603304,0.019611890999174264,10,False,11
corrected_xy_b8_s3_c25,corrected_xy,dt|wS2CDF_max|yS2Tcor_max|xS2Bcor_max,8,0.3,0.0025,-0.003291860233113786,-0.0016730799531261553,0.0008228941797383538,12,0.3915530634291887,0.004928237049230928,0.605987962343742,0.9999973872956744,1.1037414965986394,1.1003968253968255,0.9977948334493618,1.0022303614162928,0.00016214419655269374,0.017174261992218998,10,False,11
corrected_xy_b4_s9_c25,corrected_xy,dt|wS2CDF_max|yS2Tcor_max|xS2Bcor_max,4,0.9,0.0025,-0.005840731854073411,-0.0012323809781771278,-0.0009348430821409792,12,0.18955707598127475,0.004928237049230928,0.8093729101291218,0.9999986556592076,1.1789965986394557,1.1789965986394557,0.9978229201537678,1.0021928211489661,0.00031136387138608335,0.018579686209744012,10,False,11
both_xy_b6_s9_c50,both_xy,dt|wS2CDF_max|xS2T_max|yS2T_max|yS2Tcor_max|xS2Bcor_max,6,0.9,0.005,-0.009112093147980449,-0.0022911160142005116,-0.0030378726911897136,12,0.3474561448634189,0.004959102834507948,0.6494881423941561,0.9999909101149266,1.1656534954407294,0.9854299928926795,0.9956020371384455,1.004463736162035,0.0004045712896096898,0.01634415158668273,10,False,11
top_xy_b4_s6_c75,top_xy,dt|wS2CDF_max|xS2T_max|yS2T_max,4,0.6,0.0075,-0.010861455044601787,-0.0028737759475898628,-0.0006924779636581224,12,0.808138278718041,0.0006584700859097691,0.188415041926025,0.9999558089186066,1.1493506493506493,1.1493506493506493,0.99330747154106,1.0067320475298995,0.00035120997393889297,0.013109000825763828,10,False,11
both_xy_b4_s9_c75,both_xy,dt|wS2CDF_max|xS2T_max|yS2T_max|yS2Tcor_max|xS2Bcor_max,4,0.9,0.0075,-0.01172055526998017,-0.00584732937307364,0.004937005842732156,12,0.6036215854725038,0.004959102834507948,0.3918411440917743,0.9999651955734256,1.1121031746031746,1.1017740429505136,0.9933552983248752,1.0067462804745797,0.00027471285493008146,0.011973575557390648,10,False,11
corrected_xy_b4_s3_c75,corrected_xy,dt|wS2CDF_max|yS2Tcor_max|xS2Bcor_max,4,0.3,0.0075,-0.011847577449926705,-0.001194907627077857,0.006496006779104779,12,0.9919748958279747,0.004928237049230928,0.0,0.9999659843332763,1.114121510673235,1.114121510673235,0.9936792263010884,1.0056307059400211,0.0001961681529665249,0.0017541622068117935,10,False,11
corrected_xy_b6_s6_c75,corrected_xy,dt|wS2CDF_max|yS2Tcor_max|xS2Bcor_max,6,0.6,0.0075,-0.013928487363153108,-0.0060589899486525045,0.00416673252044697,12,0.6955913370029323,0.004928237049230928,0.29810175420546325,0.9999600346602018,1.2852077001013171,1.2852077001013171,0.9933204570407531,1.0067536977768503,0.0002975012582002723,0.01537985136251041,10,False,11
top_xy_b4_s9_c75,top_xy,dt|wS2CDF_max|xS2T_max|yS2T_max,4,0.9,0.0075,-0.01395687094378939,-0.004881860045710562,0.004725987818821276,12,0.6143217243685375,0.0006584700859097691,0.38339420752096304,0.999962374928752,1.2254305977710234,1.2254305977710234,0.9933275195122251,1.0067491334533227,0.00042872446505648476,0.015752388975076914,10,False,11
corrected_xy_b4_s6_c50,corrected_xy,dt|wS2CDF_max|yS2Tcor_max|xS2Bcor_max,4,0.6,0.005,-0.016090509819332466,-0.0023265373656984334,0.00438853086812685,12,0.5839806574412264,0.004928237049230928,0.4112660116261125,0.9999841872427303,1.1090225563909775,1.1090225563909775,0.9955578558611208,1.0044975985637055,0.00032187546241280174,0.014304234099998037,10,False,11
top_xy_b6_s6_c75,top_xy,dt|wS2CDF_max|xS2T_max|yS2T_max,6,0.6,0.0075,-0.01664165045207122,-0.004557549150165263,0.0032163845030601657,12,0.6830186738000926,0.0006584700859097691,0.31409023097895983,0.9999601746913537,1.2426739926739927,1.2426739926739927,0.9933200125528849,1.0067444767505667,0.0002479700442823418,0.018752856700529286,10,False,11
both_xy_b8_s9_c75,both_xy,dt|wS2CDF_max|xS2T_max|yS2T_max|yS2Tcor_max|xS2Bcor_max,8,0.9,0.0075,-0.018068609948461933,-0.0018530710758029034,-0.004246828090518573,12,0.4703534132414219,0.004959102834507948,0.5261999074026442,0.9999728273910794,1.1299171842650104,1.0843776106934002,0.9933807508749524,1.006731241586827,0.00021642731808912963,0.023637489677952095,10,False,11
both_xy_b6_s6_c50,both_xy,dt|wS2CDF_max|xS2T_max|yS2T_max|yS2Tcor_max|xS2Bcor_max,6,0.6,0.005,-0.022547253668735223,-0.002018558000765003,-0.0037144521899721283,12,0.46677298214928753,0.004959102834507948,0.5292247543597922,0.9999880760355326,1.1306620209059235,0.9790764790764791,0.9955724873211833,1.0044749496826335,0.00024012641492365816,0.018476465730800973,10,False,11
