outer_fold,s1,s2,alpha,inner_r68,inner_sigma_over_mu,inner_fit_p,inner_fit_success
0,qS1ub_C,qS2BdesC_desImageMCPAF_maxS2,0.5499999999999999,0.06450619035203219,0.04852420556212853,5.65104141509601e-18,True
0,qS1ub_C,qS2BC_desImageMCPAF_maxS2,0.5499999999999999,0.06450633302959463,0.048522404645690666,3.2875921160032516e-18,True
0,qS1ub_C,qS2Bub_C,0.5499999999999999,0.06460543028614653,0.04812847268244328,2.2578900420400424e-12,True
0,qS1ub_C,qS2Bdesub_C,0.5499999999999999,0.06460663239471888,0.04807358799958418,1.8837684163607367e-12,True
0,qS1ub_C,qS2Bdesub_C,0.49999999999999994,0.06467022187874899,0.050761969025302646,1.6150923285348023e-09,True
0,qS1ub_C,qS2Bub_C,0.49999999999999994,0.06472535484495237,0.05076579401842798,1.254836698679492e-09,True
0,qS1ub_C,qS2BdesC_desImageMCPAF_maxS2,0.49999999999999994,0.06486581836242662,0.049704814748317096,3.169740291441489e-18,True
0,qS1ub_C,qS2BC_desImageMCPAF_maxS2,0.49999999999999994,0.06487270219976149,0.04965731506092366,9.869632980433074e-18,True
0,qS1ub_C,qS2Bub_C_stretch,0.5499999999999999,0.06500856604847471,0.048318866486402066,8.31891379270086e-12,True
0,qS1ub_C,qS2Bdesub_C_stretch,0.5499999999999999,0.06500879012052911,0.04827026653130434,4.356510672711824e-12,True
0,qS1ub_C,qS2BdesC_ImageMCPAF_total_stretch_maxS2forMS,0.5499999999999999,0.065068681577408,0.04924782563276902,1.2069413302689703e-16,True
0,qS1ub_C,qS2BC_ImageMCPAF_total_stretch_firstS2forMS,0.5499999999999999,0.065068681577408,0.04919971147134067,6.452155435228693e-17,True
0,qS1ub_C,qS2BdesC_ImageMCPAF_total_stretch_firstS2forMS,0.5499999999999999,0.065068681577408,0.04924782563276902,1.2069413302689703e-16,True
0,qS1ub_C,qS2BC_ImageMCPAF_total_stretch_maxS2forMS,0.5499999999999999,0.065068681577408,0.04919971147134067,6.452155435228693e-17,True
0,qS1ub_C,qS2Bdesub_C_stretch,0.49999999999999994,0.06517518714517677,0.05041275594194057,1.1223065787970226e-06,True
0,qS1ub_C,qS2Bub_C_stretch,0.49999999999999994,0.06518315770806514,0.050522343491299984,1.3981750971865317e-06,True
0,qS1ub_C,qS2BC_ImageMCPAF_total_stretch_firstS2forMS,0.49999999999999994,0.06534152135159194,0.049306272915812965,1.141345934401587e-16,True
0,qS1ub_C,qS2BC_ImageMCPAF_total_stretch_maxS2forMS,0.49999999999999994,0.06534152135159194,0.049306272915812965,1.141345934401587e-16,True
0,qS1ub_C,qS2BdesC_ImageMCPAF_total_stretch_maxS2forMS,0.49999999999999994,0.06534638015135909,0.04931177163523482,3.9969569238839264e-17,True
0,qS1ub_C,qS2BdesC_ImageMCPAF_total_stretch_firstS2forMS,0.49999999999999994,0.06534638015135909,0.04931177163523482,3.9969569238839264e-17,True
0,qS1ub_C,qS2Bub_C,0.44999999999999996,0.0654663538248515,0.05340796718571288,0.0008935039902774644,True
0,qS1ub_C,qS2Bdesub_C,0.44999999999999996,0.06546642083597864,0.05343209796543349,0.000825847985704962,True
0,qS1ub_C,qS2Bub_C_stretch,0.44999999999999996,0.06628770673470118,0.053103956321863426,0.002532579158954939,True
0,qS1ub_C,qS2Bdesub_C_stretch,0.44999999999999996,0.06628774002397725,0.05316415525976093,0.0038888795328690744,True
0,qS1ub_C,qS2Bub_C,0.6,0.06648694650901636,0.04356120557950585,1.8396037834665103e-23,True
0,qS1ub_C,qS2Bdesub_C,0.6,0.06648770005214708,0.043650569609115265,2.3677099134205844e-24,True
0,qS1ub_C,qS2BC_desImageMCPAF_maxS2,0.6,0.06664753432733533,0.04581616672999996,1.1098540464717221e-08,True
0,qS1ub_C,qS2BdesC_desImageMCPAF_maxS2,0.6,0.06664762508660674,0.04581880478555989,8.697662942268383e-09,True
0,qS1ub_C,qS2BdesC_ImageMCPAF_total_stretch_firstS2forMS,0.6,0.06669742857953871,0.046467469401747875,1.1138169264338852e-07,True
0,qS1ub_C,qS2BC_ImageMCPAF_total_stretch_maxS2forMS,0.6,0.06669742857953871,0.04646067452983292,1.2814428490988018e-07,True
1,qS1ub_C,qS2BC_desImageMCPAF_maxS2,0.5499999999999999,0.06497221421166872,0.05005153249627641,1.1403018538039381e-14,True
1,qS1ub_C,qS2BdesC_desImageMCPAF_maxS2,0.5499999999999999,0.06497285298112106,0.050021194814436606,1.2230889412613706e-14,True
1,qS1ub_C,qS2BdesC_ImageMCPAF_total_stretch_firstS2forMS,0.5499999999999999,0.06583781239586609,0.05066828058267487,1.8313081739322015e-15,True
1,qS1ub_C,qS2BdesC_ImageMCPAF_total_stretch_maxS2forMS,0.5499999999999999,0.06583781239586609,0.05066828058267487,1.8313081739322015e-15,True
1,qS1ub_C,qS2BC_ImageMCPAF_total_stretch_firstS2forMS,0.5499999999999999,0.06583781239586609,0.05070373138620887,1.926998649059629e-15,True
1,qS1ub_C,qS2BC_ImageMCPAF_total_stretch_maxS2forMS,0.5499999999999999,0.06583781239586609,0.05070373138620887,1.926998649059629e-15,True
1,qS1ub_C,qS2Bub_C,0.49999999999999994,0.06585710165966997,0.052459439420101735,6.877369508378105e-07,True
1,qS1ub_C,qS2Bdesub_C,0.49999999999999994,0.0658961441536154,0.05253857884350201,9.392057231140733e-07,True
1,qS1ub_C,qS2BdesC_desImageMCPAF_maxS2,0.49999999999999994,0.06614267620092106,0.05195565568684118,8.393262114866176e-13,True
1,qS1ub_C,qS2BC_desImageMCPAF_maxS2,0.49999999999999994,0.06614336046304234,0.05204424174049332,1.858689453647361e-12,True
1,qS1ub_C,qS2Bdesub_C_stretch,0.49999999999999994,0.06618083631798945,0.05190907756732334,2.185656577542387e-07,True
1,qS1ub_C,qS2Bub_C_stretch,0.49999999999999994,0.06623726880792111,0.05186620039035484,1.6828686498872963e-07,True
1,qS1ub_C,qS2Bdesub_C,0.5499999999999999,0.06635142644214075,0.04904268533993068,1.0493066462717855e-15,True
1,qS1ub_C,qS2Bub_C,0.5499999999999999,0.06635208613958996,0.04904614492561444,1.7225739694262283e-15,True
1,qS1ub_C,qS2Bdesub_C,0.44999999999999996,0.06662808421571205,0.054577372934742296,0.0034267327568836938,True
1,qS1ub_C,qS2Bub_C,0.44999999999999996,0.06662825240174074,0.0545239756954916,0.0028845043287742565,True
1,qS1ub_C,qS2BdesC_ImageMCPAF_total_stretch_firstS2forMS,0.49999999999999994,0.06685532008898341,0.050818551744826246,1.2408481281591418e-11,True
1,qS1ub_C,qS2BdesC_ImageMCPAF_total_stretch_maxS2forMS,0.49999999999999994,0.06685532008898341,0.050818551744826246,1.2408481281591418e-11,True
1,qS1ub_C,qS2BC_ImageMCPAF_total_stretch_maxS2forMS,0.49999999999999994,0.06686320798570852,0.050634205629453574,3.0391641205827567e-12,True
1,qS1ub_C,qS2BC_ImageMCPAF_total_stretch_firstS2forMS,0.49999999999999994,0.06686320798570852,0.050634205629453574,3.0391641205827567e-12,True
1,qS1ub_C,qS2Bdesub_C_stretch,0.5499999999999999,0.06704238884677298,0.049858634549931447,1.8866461858362803e-14,True
1,qS1ub_C,qS2Bub_C_stretch,0.5499999999999999,0.0670426123190312,0.049874554832123746,3.5468100521530656e-14,True
1,qS1ub_C,qS2BdesC_desImageMCPAF_maxS2,0.6,0.0672921658973273,0.04997424193951483,1.2343222210788575e-12,True
1,qS1ub_C,qS2BC_desImageMCPAF_maxS2,0.6,0.06729222298832797,0.049987601017481675,1.6456185877852378e-12,True
1,qS1ub_C,qS2Bub_C_stretch,0.44999999999999996,0.06751214579951087,0.05582407926803069,0.026614630751940697,True
1,qS1ub_C,qS2Bdesub_C_stretch,0.44999999999999996,0.06751221283129558,0.05587645320047508,0.034557915099860025,True
1,qS1ub_C,qS2BC_desImageMCPAF_maxS2,0.44999999999999996,0.06751716983234171,0.05285786816447014,4.22736895852887e-09,True
1,qS1ub_C,qS2BdesC_desImageMCPAF_maxS2,0.44999999999999996,0.06752301882982471,0.0526185701153294,1.4002156573676543e-08,True
1,qS1_max,qS2Bdesub_C,0.35,0.06764350007188219,0.051452077429597946,0.007930071186669576,True
1,qS1ub_C,qS2BC_ImageMCPAF_total_stretch_maxS2forMS,0.6,0.06767040460929308,0.05068782636124778,5.0501913246016e-16,True
2,qS1ub_C,qS2BdesC_desImageMCPAF_maxS2,0.5499999999999999,0.06421256509241034,0.047500084081134375,1.943120875089621e-24,True
2,qS1ub_C,qS2BC_desImageMCPAF_maxS2,0.5499999999999999,0.06421298038691652,0.04756907474042238,1.0172100743086943e-23,True
2,qS1ub_C,qS2Bdesub_C,0.49999999999999994,0.06450814987147391,0.051551003301376234,4.328026880536393e-08,True
2,qS1ub_C,qS2Bub_C,0.49999999999999994,0.06452550082381397,0.05150781177354546,1.2259859799307092e-07,True
2,qS1ub_C,qS2BC_ImageMCPAF_total_stretch_maxS2forMS,0.5499999999999999,0.06480790169734264,0.04726765547575342,7.198492274203611e-23,True
2,qS1ub_C,qS2BdesC_ImageMCPAF_total_stretch_maxS2forMS,0.5499999999999999,0.06480790169734264,0.04731867275675776,1.3555124076413072e-22,True
2,qS1ub_C,qS2BdesC_ImageMCPAF_total_stretch_firstS2forMS,0.5499999999999999,0.06480790169734264,0.04731867275675776,1.3555124076413072e-22,True
2,qS1ub_C,qS2BC_ImageMCPAF_total_stretch_firstS2forMS,0.5499999999999999,0.06480790169734264,0.04726765547575342,7.198492274203611e-23,True
2,qS1ub_C,qS2BdesC_desImageMCPAF_maxS2,0.49999999999999994,0.0648770644923534,0.050733763036562185,2.0776645047870363e-21,True
2,qS1ub_C,qS2BC_desImageMCPAF_maxS2,0.49999999999999994,0.06487731143791663,0.05080700807953138,3.872653047257387e-21,True
2,qS1ub_C,qS2Bdesub_C_stretch,0.49999999999999994,0.06492954891407048,0.05355799847331759,1.8182432291198644e-09,True
2,qS1ub_C,qS2Bub_C_stretch,0.49999999999999994,0.06493010710204089,0.05357597359145301,1.9975866212813766e-09,True
2,qS1ub_C,qS2Bdesub_C,0.5499999999999999,0.06501625772319525,0.047475928629869546,8.690273037693226e-14,True
2,qS1ub_C,qS2Bub_C,0.5499999999999999,0.0650163356663383,0.04752434256478333,9.987793379345613e-14,True
2,qS1ub_C,qS2Bdesub_C_stretch,0.5499999999999999,0.06529350935326275,0.04621427173830291,3.4189965825141664e-11,True
2,qS1ub_C,qS2Bub_C_stretch,0.5499999999999999,0.06529426655007552,0.046207975401685045,2.402807902684922e-11,True
2,qS1ub_C,qS2Bdesub_C,0.44999999999999996,0.0653368501785943,0.0532266803536126,0.016181071213471086,True
2,qS1ub_C,qS2Bub_C,0.44999999999999996,0.06533733779888572,0.05317584564008253,0.01384873070968153,True
2,qS1ub_C,qS2BC_ImageMCPAF_total_stretch_maxS2forMS,0.49999999999999994,0.06562656891788986,0.05094901922043396,1.2583921527978273e-14,True
2,qS1ub_C,qS2BC_ImageMCPAF_total_stretch_firstS2forMS,0.49999999999999994,0.06562656891788986,0.05094901922043396,1.2583921527978273e-14,True
2,qS1ub_C,qS2BdesC_ImageMCPAF_total_stretch_firstS2forMS,0.49999999999999994,0.0656325579842209,0.051107839600260704,6.2560413051497624e-15,True
2,qS1ub_C,qS2BdesC_ImageMCPAF_total_stretch_maxS2forMS,0.49999999999999994,0.0656325579842209,0.051107839600260704,6.2560413051497624e-15,True
2,qS1ub_C,qS2BdesC_desImageMCPAF_maxS2,0.6,0.06564697382633698,0.04600981446649415,1.3435894815500816e-07,True
2,qS1ub_C,qS2BC_desImageMCPAF_maxS2,0.6,0.06564700686572805,0.0460326278718458,1.1969891554252902e-07,True
2,qS1ub_C,qS2BC_ImageMCPAF_total_stretch_firstS2forMS,0.6,0.06584875762743538,0.0462835036032422,2.032351434598261e-08,True
2,qS1ub_C,qS2BdesC_ImageMCPAF_total_stretch_firstS2forMS,0.6,0.06584875762743538,0.04628487501964837,1.9174023367555294e-08,True
2,qS1ub_C,qS2BC_ImageMCPAF_total_stretch_maxS2forMS,0.6,0.06584875762743538,0.0462835036032422,2.032351434598261e-08,True
2,qS1ub_C,qS2BdesC_ImageMCPAF_total_stretch_maxS2forMS,0.6,0.06584875762743538,0.04628487501964837,1.9174023367555294e-08,True
2,qS1ub_C,qS2Bdesub_C_stretch,0.44999999999999996,0.06627569889569973,0.05428357014470792,0.001654366690577478,True
2,qS1ub_C,qS2Bub_C_stretch,0.44999999999999996,0.06627657931023363,0.05425273429296139,0.0015230218542987587,True
3,qS1ub_C,qS2BC_desImageMCPAF_maxS2,0.49999999999999994,0.06561735246096483,0.049084412958063366,2.726320187860858e-14,True
3,qS1ub_C,qS2BdesC_desImageMCPAF_maxS2,0.49999999999999994,0.06561748480413437,0.04908188303333008,2.0712045957016826e-14,True
3,qS1ub_C,qS2Bdesub_C,0.49999999999999994,0.0657891093186186,0.049972221864623335,3.5118639036884036e-08,True
3,qS1ub_C,qS2Bub_C,0.49999999999999994,0.06578911039399371,0.04997334977480074,5.57278976412901e-08,True
3,qS1ub_C,qS2BC_desImageMCPAF_maxS2,0.5499999999999999,0.06590989806124598,0.048208561292501007,6.247475480829963e-19,True
3,qS1ub_C,qS2BdesC_desImageMCPAF_maxS2,0.5499999999999999,0.06590990807641299,0.048213107339958094,5.8696485553684255e-19,True
3,qS1ub_C,qS2BC_ImageMCPAF_total_stretch_maxS2forMS,0.49999999999999994,0.06627288802571171,0.047540122503389064,2.898281823295775e-16,True
3,qS1ub_C,qS2BdesC_ImageMCPAF_total_stretch_maxS2forMS,0.49999999999999994,0.06627288802571171,0.047501292838277344,9.982546260230443e-17,True
3,qS1ub_C,qS2BdesC_ImageMCPAF_total_stretch_firstS2forMS,0.49999999999999994,0.06627288802571171,0.047501292838277344,9.982546260230443e-17,True
3,qS1ub_C,qS2BC_ImageMCPAF_total_stretch_firstS2forMS,0.49999999999999994,0.06627288802571171,0.047540122503389064,2.898281823295775e-16,True
3,qS1ub_C,qS2Bub_C_stretch,0.49999999999999994,0.06627719778088369,0.05026473421083463,8.509820653792563e-07,True
3,qS1ub_C,qS2Bdesub_C_stretch,0.49999999999999994,0.06627728796673399,0.05026648845819696,8.405729972604033e-07,True
3,qS1ub_C,qS2BC_ImageMCPAF_total_stretch_firstS2forMS,0.5499999999999999,0.06634249793075077,0.049981196070206235,2.3731154167279417e-16,True
3,qS1ub_C,qS2BC_ImageMCPAF_total_stretch_maxS2forMS,0.5499999999999999,0.06634249793075077,0.049981196070206235,2.3731154167279417e-16,True
3,qS1ub_C,qS2BdesC_ImageMCPAF_total_stretch_firstS2forMS,0.5499999999999999,0.06634249793075077,0.049996418811640776,2.8354063523554435e-16,True
3,qS1ub_C,qS2BdesC_ImageMCPAF_total_stretch_maxS2forMS,0.5499999999999999,0.06634249793075077,0.049996418811640776,2.8354063523554435e-16,True
3,qS1ub_C,qS2Bdesub_C,0.44999999999999996,0.06634964541936102,0.053605394433417705,0.007314055501313205,True
3,qS1ub_C,qS2Bub_C,0.44999999999999996,0.06634987240688209,0.053593656798546205,0.0066901166297029585,True
3,qS1ub_C,qS2Bub_C,0.5499999999999999,0.06649693077981855,0.04835903849592668,1.1499737983321692e-12,True
3,qS1ub_C,qS2Bdesub_C,0.5499999999999999,0.06649789686364752,0.048293885947677806,2.052021207898673e-12,True
3,qS1ub_C,qS2Bdesub_C_stretch,0.44999999999999996,0.0669250260857591,0.05421570610342085,0.0055796967126065244,True
3,qS1ub_C,qS2Bub_C_stretch,0.44999999999999996,0.06692532762887661,0.054196813351479536,0.004930353073730842,True
3,qS1ub_C,qS2Bub_C_stretch,0.5499999999999999,0.06697271331817153,0.04893787473388315,7.768707026435415e-11,True
3,qS1ub_C,qS2Bdesub_C_stretch,0.5499999999999999,0.06697277442627712,0.04892471906874867,3.3385931248582105e-11,True
3,qS1_max,qS2Bdesub_C,0.35,0.0674747362991786,0.053647046339116086,0.03138578405697254,True
3,qS1_max,qS2Bub_C,0.35,0.06747504392772681,0.05358674778033184,0.02488999026337774,True
3,qS1ub_C,qS2Bub_C,0.39999999999999997,0.06753917955295237,0.055997811315416,5.791563001392434e-07,True
3,qS1ub_C,qS2Bdesub_C,0.39999999999999997,0.06753954906606971,0.055975685738477506,9.703614790427845e-07,True
3,qS1ub_C,qS2BdesC_desImageMCPAF_maxS2,0.44999999999999996,0.06787402306742105,0.05109670577807946,4.909535389444693e-08,True
3,qS1ub_C,qS2BC_desImageMCPAF_maxS2,0.44999999999999996,0.06787422879052751,0.05110347890413262,5.299466475231648e-08,True
4,qS1ub_C,qS2Bdesub_C,0.49999999999999994,0.06564949586526385,0.053342634029460795,2.4726370640037887e-05,True
4,qS1ub_C,qS2Bub_C,0.49999999999999994,0.0656784766778755,0.05328220617864329,1.5765923970403412e-05,True
4,qS1ub_C,qS2Bub_C,0.5499999999999999,0.06596286881345893,0.04900439840591384,7.364214736660142e-10,True
4,qS1ub_C,qS2Bdesub_C,0.5499999999999999,0.06596325677549902,0.04897958848404145,8.9295820793805e-10,True
4,qS1ub_C,qS2BdesC_desImageMCPAF_maxS2,0.5499999999999999,0.0659857717916792,0.05007822125236713,1.2248533603437074e-15,True
4,qS1ub_C,qS2BC_desImageMCPAF_maxS2,0.5499999999999999,0.06598693102835755,0.05010627570912459,1.2675011722227434e-15,True
4,qS1ub_C,qS2Bdesub_C_stretch,0.49999999999999994,0.06607922051586687,0.05267882926035062,0.008960070981073332,True
4,qS1ub_C,qS2Bub_C_stretch,0.49999999999999994,0.06611250210229402,0.05269012096230823,0.008322216768501615,True
4,qS1ub_C,qS2Bub_C_stretch,0.5499999999999999,0.06627882623484702,0.04907458547445811,1.6651097546190028e-09,True
4,qS1ub_C,qS2Bdesub_C_stretch,0.5499999999999999,0.06627916219443077,0.049080953495186715,1.8140494237811334e-09,True
4,qS1ub_C,qS2Bub_C,0.44999999999999996,0.06634388288017325,0.05413411429496132,0.009641513849193945,True
4,qS1ub_C,qS2Bdesub_C,0.44999999999999996,0.06634467826427791,0.05421110242728997,0.011785457135841445,True
4,qS1ub_C,qS2BC_ImageMCPAF_total_stretch_maxS2forMS,0.5499999999999999,0.06656962520849687,0.05157015127564506,2.0654583098077087e-12,True
4,qS1ub_C,qS2BdesC_ImageMCPAF_total_stretch_firstS2forMS,0.5499999999999999,0.06656962520849687,0.05156108654006961,1.8703225596245444e-12,True
4,qS1ub_C,qS2BC_ImageMCPAF_total_stretch_firstS2forMS,0.5499999999999999,0.06656962520849687,0.05157015127564506,2.0654583098077087e-12,True
4,qS1ub_C,qS2BdesC_ImageMCPAF_total_stretch_maxS2forMS,0.5499999999999999,0.06656962520849687,0.05156108654006961,1.8703225596245444e-12,True
4,qS1ub_C,qS2Bdesub_C_stretch,0.44999999999999996,0.06699442691429756,0.055053422950486514,0.23808590638131785,True
4,qS1ub_C,qS2Bub_C_stretch,0.44999999999999996,0.06699452624101132,0.05504067257512687,0.2337365111818473,True
4,qS1ub_C,qS2BC_desImageMCPAF_maxS2,0.49999999999999994,0.0670452210311101,0.05197148676439898,1.5825784766118421e-09,True
4,qS1ub_C,qS2BdesC_desImageMCPAF_maxS2,0.49999999999999994,0.0670777721537422,0.05082331512789407,4.523391852162788e-08,True
4,qS1ub_C,qS2BC_ImageMCPAF_total_stretch_firstS2forMS,0.49999999999999994,0.06749492815482876,0.05201755106335607,3.462951513961113e-09,True
4,qS1ub_C,qS2BC_ImageMCPAF_total_stretch_maxS2forMS,0.49999999999999994,0.06749492815482876,0.05201755106335607,3.462951513961113e-09,True
4,qS1ub_C,qS2BdesC_ImageMCPAF_total_stretch_maxS2forMS,0.49999999999999994,0.06749572622735768,0.05202109590875679,3.795597072293963e-09,True
4,qS1ub_C,qS2BdesC_ImageMCPAF_total_stretch_firstS2forMS,0.49999999999999994,0.06749572622735768,0.05202109590875679,3.795597072293963e-09,True
4,qS1_max,qS2Bdesub_C,0.35,0.06750628615822225,0.056157671823196316,0.00045177484067956074,True
4,qS1_max,qS2Bub_C,0.35,0.06752895128278216,0.056167073597897806,0.00035560828162259996,True
4,qS1ub_C,qS2Bdesub_C,0.39999999999999997,0.06758571458925383,0.05778587683221453,0.10558299065293368,True
4,qS1ub_C,qS2Bub_C,0.39999999999999997,0.06758610558828984,0.057819352184603996,0.11636049023467168,True
4,qS1ub_C,qS2BdesC_desImageMCPAF_maxS2,0.6,0.06775980848700235,0.04888201336366219,6.672399940788416e-12,True
4,qS1ub_C,qS2BC_desImageMCPAF_maxS2,0.6,0.06776014770282962,0.04885757212608803,4.257545053627699e-12,True
