scheme,outer_fold,method,selected_alpha,effective_raw_beta,inner_r68,inner_r90,n,median,q05,q16,q84,q95,r68,r90,selected_family
file_mod5,0,raw,1.5,57.26853588054609,0.08124116545805109,0.1516124618064884,858,1.006518172420364,0.9005770844683644,0.9434252246803175,1.0955972718742841,1.1799300842136722,0.07559329347628171,0.1387719603082528,
file_mod5,0,dt_quad,1.5341274046343907,58.571486878422434,0.07647409899951324,0.14548012087532722,858,1.00696475379601,0.9059092988039541,0.948069143246512,1.0925570088449394,1.1797049501103514,0.07174425174949949,0.13595096068370557,
file_mod5,0,r2_quad,0.75,28.634267940273045,0.06354824882822296,0.12565243487680466,858,1.0034236721572056,0.9034596917144073,0.9511753039415667,1.0761466469622851,1.1370469839947601,0.0622724709852865,0.11639514731507991,
file_mod5,0,dt_r2_joint,0.75,28.634267940273045,0.06296244713715003,0.1285651208749566,858,1.004283664735056,0.9135772831187164,0.9493121671509456,1.073950669979211,1.1544644957380252,0.06205343530164197,0.11992986696784429,
file_mod5,0,dt_then_r2,1.0,38.17902392036406,0.0641157688137116,0.12567821889707798,858,1.0040880637075933,0.9051653598651174,0.9486647081456416,1.0724754757446326,1.1378827281172743,0.061653341013645745,0.11588493911223707,
file_mod5,0,r2_then_dt,0.75,28.634267940273045,0.06234816375593354,0.12330468965854638,858,1.0043902221159702,0.8982235133458354,0.9509357256217287,1.0668591067071396,1.1308392910128768,0.05770833812041332,0.1157995032931448,
file_mod5,0,xy_quad,1.0,38.17902392036406,0.06862467772679053,0.13437838528419532,858,1.002970971713665,0.9056836734377113,0.9504834552506428,1.0772460260826084,1.149343829333413,0.06319353919853758,0.12146919640126112,
file_mod5,0,dt_then_xy,1.0,38.17902392036406,0.06652398412641217,0.13161979399094856,858,1.0020315078249256,0.9056122769186632,0.9488918527940756,1.0715181783475283,1.1435081407664753,0.06118885713465901,0.1187067781751715,
file_mod5,0,dt_r2_then_xy,0.42489062049196813,16.22190916330118,0.05951960788971153,0.11889458683667416,858,1.0035165834206876,0.8849181488067787,0.9466926198021209,1.0572394202611435,1.110847999024116,0.05507970784209743,0.11256906659539703,
file_mod5,0,nested_winner,0.42489062049196813,16.22190916330118,0.05951960788971153,0.11889458683667416,858,1.0035165834206876,0.8849181488067787,0.9466926198021209,1.0572394202611435,1.110847999024116,0.05507970784209743,0.11256906659539703,dt_r2_then_xy
file_mod5,1,raw,1.5,57.091990326742454,0.07940414255340413,0.1477372395056102,911,1.0076012813250403,0.8915993468406676,0.9415238626623965,1.1080012046966707,1.2013108935949086,0.08261072366608602,0.15368755106531656,
file_mod5,1,dt_quad,1.5341274046343907,58.39092463025143,0.07418760662409177,0.14203600676646255,911,1.0065384986712793,0.8948150300523401,0.9424742413440678,1.1049224493631125,1.196078440131132,0.08069647024604167,0.14965319780439917,
file_mod5,1,r2_quad,1.0,38.06132688449497,0.06345246549945666,0.12369621912925403,911,1.0004684621014162,0.8975177044309557,0.9463120470735126,1.0821665909611693,1.1576481663442095,0.06789546549138764,0.13000432885553806,
file_mod5,1,dt_r2_joint,1.0,38.06132688449497,0.06220269468744124,0.1216145417733641,911,1.0013601772627017,0.9071328294643037,0.9519599546270849,1.082333819579232,1.1776192863266175,0.06509838713006069,0.135059523538129,
file_mod5,1,dt_then_r2,1.0,38.06132688449497,0.06235789943515225,0.12241862301556694,911,1.0019027911353358,0.8942748471070442,0.9446095095252011,1.0809559102689366,1.145195330441891,0.06804372737061175,0.1252219704121738,
file_mod5,1,r2_then_dt,0.75,28.545995163371227,0.06086640970128966,0.12042629882930843,911,1.0010328977942562,0.8968165055222694,0.9453947844535747,1.0730992119872784,1.1509909591085838,0.06378632900831546,0.1269560941235696,
file_mod5,1,xy_quad,1.0,38.06132688449497,0.06686502913978223,0.13069498337405114,911,1.003652711612374,0.8960150829334463,0.944746152852113,1.0910156354514442,1.174973435466673,0.07286857341537412,0.13897155326023006,
file_mod5,1,dt_then_xy,1.0,38.06132688449497,0.06413651000814026,0.12722900132580314,911,1.0046845459130807,0.8930839017711103,0.9435811918474009,1.0889421638270118,1.1609694378155893,0.07234159845043875,0.13331823264038484,
file_mod5,1,dt_r2_then_xy,0.42489062049196813,16.171900796700697,0.057414966088735586,0.11277992478960723,911,0.9995973567497773,0.8931738031277663,0.9441337128644072,1.0621002172780112,1.132888998942847,0.05900701098148952,0.11990587719965683,
file_mod5,1,nested_winner,0.42489062049196813,16.171900796700697,0.057414966088735586,0.11277992478960723,911,0.9995973567497773,0.8931738031277663,0.9441337128644072,1.0621002172780112,1.132888998942847,0.05900701098148952,0.11990587719965683,dt_r2_then_xy
file_mod5,2,raw,1.5,57.16817525605253,0.08001595044467705,0.148763853266574,903,0.9994381366996088,0.8832821244699817,0.9330484742158661,1.0935709569025414,1.1830552566830028,0.08030636254123745,0.1499708292115738,
file_mod5,2,dt_quad,1.5,57.16817525605253,0.0753536207881697,0.1435491283802295,903,0.9983257747275072,0.8875429317754937,0.9359579757736095,1.0870662743761788,1.1724996353732915,0.07568085610321652,0.14271729269715422,
file_mod5,2,r2_quad,0.75,28.584087628026264,0.06358342087068528,0.12479866217698786,903,0.9976955870795826,0.8942829721433648,0.9393223859486977,1.0641847881673752,1.1231043409282704,0.06257540067114563,0.1146749428123176,
file_mod5,2,dt_r2_joint,0.75,28.584087628026264,0.062445616509671696,0.12619715121538622,903,1.0011958410749544,0.8988275684435493,0.9439723524008201,1.0645163635517847,1.1314030059159927,0.060200015923727784,0.11614882320262841,
file_mod5,2,dt_then_r2,1.0,38.11211683736835,0.06391858238067093,0.12312840293815858,903,0.9988407111757273,0.8845061100851481,0.9394770723684673,1.060318275943675,1.1241066994526883,0.06049072801256086,0.11993933901908556,
file_mod5,2,r2_then_dt,0.75,28.584087628026264,0.06141758079921029,0.12309047691995055,903,0.997862120891909,0.8898674215212823,0.9396047165049002,1.0594891958662251,1.1171185607508798,0.06007066349716223,0.11386900778760693,
file_mod5,2,xy_quad,1.0,38.11211683736835,0.06735736155980188,0.13143885979661285,903,0.9980616738387317,0.8949184076333022,0.9388607801620442,1.0759500835221936,1.1523813139110501,0.06867777160146742,0.12898146127959081,
file_mod5,2,dt_then_xy,1.0,38.11211683736835,0.06493752321831792,0.12899970167800942,903,0.999391051554468,0.8930906266342018,0.9362901550287844,1.0710167038105118,1.1396226517851875,0.06740432014683927,0.12334112095937125,
file_mod5,2,dt_r2_then_xy,0.42489062049196813,16.193480971291823,0.05925002943122861,0.11625500596119233,903,0.9993182370178424,0.8874838505894159,0.9375870136663925,1.0518582727572934,1.1071167647169498,0.05717460907743876,0.10989137693662063,
file_mod5,2,nested_winner,0.42489062049196813,16.193480971291823,0.05925002943122861,0.11625500596119233,903,0.9993182370178424,0.8874838505894159,0.9375870136663925,1.0518582727572934,1.1071167647169498,0.05717460907743876,0.10989137693662063,dt_r2_then_xy
file_mod5,3,raw,1.5,57.123622194365275,0.07954726341515617,0.14956705995026032,891,0.9937608486882121,0.8774151976133945,0.9296469561156363,1.092740684729096,1.168501825991231,0.08205884183742355,0.1464570820847278,
file_mod5,3,dt_quad,1.5,57.123622194365275,0.07563735086384442,0.14310712779995322,891,0.9935885180865549,0.8832931784600883,0.9308653908332337,1.0784063464318039,1.1672798523806205,0.07424650794209227,0.14290959927125144,
file_mod5,3,r2_quad,0.75,28.561811097182638,0.06365734132905099,0.12147004301715239,891,0.9969908990481532,0.8831067053904185,0.9388858811089228,1.064768191467677,1.1427368360443668,0.06313112310199447,0.13020687094627562,
file_mod5,3,dt_r2_joint,0.75,28.561811097182638,0.061745672369135626,0.12169180001398475,891,0.9951215839981108,0.8881756933095384,0.9373736380487904,1.0654292161518182,1.155484268365921,0.06434167450601239,0.1343095051674058,
file_mod5,3,dt_then_r2,1.0,38.08241479624352,0.06265900609627863,0.12128168867691846,891,0.9946635391514375,0.8841990699236815,0.9315864735801684,1.0552983360454224,1.1357385333676937,0.06218779396035491,0.12644449783421455,
file_mod5,3,r2_then_dt,0.75,28.561811097182638,0.06099670878980524,0.11945820083220174,891,0.9964788119357672,0.8780535370204632,0.9353827908421726,1.0607215301806256,1.1368242682197054,0.0628908200742217,0.12984256569216573,
file_mod5,3,xy_quad,1.0,38.08241479624352,0.06647586421049695,0.12916347316238785,891,0.9943995369159345,0.8822671382377841,0.9309067927476419,1.0707922201088715,1.1507080477022313,0.07033663138816175,0.13497638499360087,
file_mod5,3,dt_then_xy,1.0,38.08241479624352,0.06430278532574887,0.1258197298439293,891,0.9948589640020506,0.8828769718938002,0.9304494714277902,1.059646501320881,1.1419911974617343,0.0649323344152048,0.1302266124866519,
file_mod5,3,dt_r2_then_xy,0.42489062049196813,16.18086085260842,0.05715124795469755,0.11208743628031834,891,0.9984259989902481,0.8710110161277413,0.9329961293464882,1.055680784921753,1.1200205312571927,0.061439032887435435,0.12470103712307451,
file_mod5,3,nested_winner,0.42489062049196813,16.18086085260842,0.05715124795469755,0.11208743628031834,891,0.9984259989902481,0.8710110161277413,0.9329961293464882,1.055680784921753,1.1200205312571927,0.061439032887435435,0.12470103712307451,dt_r2_then_xy
file_mod5,4,raw,1.5,57.27977043795543,0.08025698700012322,0.14743059924807717,937,0.9941818691491656,0.8833407498801437,0.9340550795527789,1.092613998719331,1.1924575653585212,0.07974341721914978,0.1554629112995814,
file_mod5,4,dt_quad,1.5,57.27977043795543,0.07557264121154529,0.14310877525280963,937,0.9955880731511251,0.8913444784827126,0.9359328384447314,1.0866556388679234,1.1791373905528248,0.07569536261424911,0.14453413004397592,
file_mod5,4,r2_quad,0.75,28.639885218977714,0.06345292109572612,0.12340527871643009,937,0.9985407537774537,0.898938852680787,0.9440777765429539,1.0697968619733964,1.1455709899862365,0.0629514043141707,0.12349628013300738,
file_mod5,4,dt_r2_joint,0.75,28.639885218977714,0.06277330310542165,0.1270722109354795,937,0.9993990401205655,0.904436662113307,0.9455899250511299,1.0720935242924405,1.159293158014564,0.06328983427182873,0.1275048732638925,
file_mod5,4,dt_then_r2,1.0,38.18651362530362,0.06375719690524848,0.12265759828097499,937,1.001494660189332,0.8842815292467676,0.9391749276949494,1.066915266944588,1.144010605304699,0.06377484789858462,0.12967072435954363,
file_mod5,4,r2_then_dt,0.75,28.639885218977714,0.0618095800656137,0.12206492454372213,937,1.0002586101310456,0.8976711516645959,0.9423132631538976,1.0638612240313574,1.13870042658479,0.0607582677351488,0.12048347921174928,
file_mod5,4,xy_quad,1.0,38.18651362530362,0.06776425909134401,0.12887428949014998,937,0.9993454987017825,0.8903309710995176,0.9404128809859346,1.0701219363816117,1.1612724968611352,0.06489700287046771,0.13555948674086638,
file_mod5,4,dt_then_xy,1.0,38.18651362530362,0.06501726605011833,0.12505848234204897,937,0.999226859729117,0.8834018092086049,0.9374721590393114,1.0660381571078277,1.1489451478605754,0.06433273726417323,0.13287439987549843,
file_mod5,4,dt_r2_then_xy,0.42489062049196813,16.22509146868025,0.0583269524781122,0.11597237628957185,937,0.9991836007438509,0.8948410309807324,0.9387483198316925,1.0548939637801402,1.125958106041489,0.0581202713204971,0.11565295651805103,
file_mod5,4,nested_winner,0.42489062049196813,16.22509146868025,0.0583269524781122,0.11597237628957185,937,0.9991836007438509,0.8948410309807324,0.9387483198316925,1.0548939637801402,1.125958106041489,0.0581202713204971,0.11565295651805103,dt_r2_then_xy
file_block5,0,raw,1.5,57.26591534306922,0.07896854914084513,0.15108778101532797,869,0.9997001896453668,0.8876817413296312,0.9372504698748897,1.1054380868721578,1.1852789175479712,0.0841190282543264,0.148843212845598,
file_block5,0,dt_quad,1.5,57.26591534306922,0.07465859552776126,0.14388026009936974,869,1.0010807247925344,0.8971538134346295,0.9398999484138476,1.0962157042209488,1.1838966244207785,0.07807350193437015,0.1432166277327805,
file_block5,0,r2_quad,0.75,28.63295767153461,0.06309764185668168,0.12258695877953026,869,1.0005031854421071,0.8931891205763889,0.9426678023326145,1.0726026603166645,1.1447728358077596,0.06493475476873858,0.12572859281812265,
file_block5,0,dt_r2_joint,0.6518363448688389,24.885336628529735,0.06190834392607698,0.12538086720298194,869,1.001650883502113,0.8953376531038116,0.9462434031386487,1.0678611441125065,1.142150203571374,0.060708647582199855,0.12320288162908694,
file_block5,0,dt_then_r2,1.0,38.17727689537948,0.06279244132460113,0.12397153078661463,869,1.000808605349522,0.8958617308811656,0.9423684755211165,1.070944587596985,1.1334089039302466,0.06423611437222036,0.11867762316358188,
file_block5,0,r2_then_dt,0.75,28.63295767153461,0.06147310092742695,0.12196217887925646,869,1.0011986383575102,0.8949633588532269,0.9397120630531336,1.066499588905529,1.1349086675446833,0.06331786770125526,0.11982902268279767,
file_block5,0,xy_quad,1.0,38.17727689537948,0.06655258527406488,0.12845751051267865,869,0.9995166681341098,0.8945432298127518,0.9394338175471727,1.0774175150591017,1.1613171514608402,0.0690252108399132,0.1334514621682598,
file_block5,0,dt_then_xy,1.0,38.17727689537948,0.06414359096135623,0.12768167925737184,869,0.9990683792970602,0.8920013871270787,0.9405374123639356,1.0730530182144904,1.1445094788265247,0.06631958762612031,0.12637177641289654,
file_block5,0,dt_r2_then_xy,0.6518363448688389,24.885336628529735,0.05800745903041123,0.11493560057243758,869,1.0004332668392997,0.9044376650458239,0.9467476734476251,1.0613174841347155,1.1259210245692093,0.057260096442541535,0.11069371984356574,
file_block5,0,nested_winner,0.6518363448688389,24.885336628529735,0.05800745903041123,0.11493560057243758,869,1.0004332668392997,0.9044376650458239,0.9467476734476251,1.0613174841347155,1.1259210245692093,0.057260096442541535,0.11069371984356574,dt_r2_then_xy
file_block5,1,raw,1.5,56.91697780471145,0.08007345665016771,0.1499957518163341,939,0.9980116246544537,0.8836870200265319,0.9385542370338603,1.0960583510311461,1.1886628186130077,0.07890895762452627,0.15279170655555693,
file_block5,1,dt_quad,1.5341274046343907,58.211930292783464,0.07564480852476463,0.14289717586396108,939,0.9978636661317118,0.8870499929952953,0.9394849384724462,1.088200037211489,1.1811087741762958,0.07451674200923025,0.14734416692459595,
file_block5,1,r2_quad,0.75,28.458488902355725,0.0643330753056357,0.12381385906546405,939,0.996912646772163,0.8966283043919191,0.9475949233010426,1.0691085598743293,1.1530416501945913,0.060944976957975024,0.12860371800523138,
file_block5,1,dt_r2_joint,0.75,28.458488902355725,0.06278152893045486,0.1251761040568138,939,0.9978428690063765,0.8972142734871449,0.9461147772614067,1.0689245106758558,1.1710437558294124,0.06153761139604051,0.13721072267367063,
file_block5,1,dt_then_r2,0.75,28.458488902355725,0.06418127421760374,0.12326325950039792,939,0.997671035154003,0.8789316507397725,0.9392929186070107,1.0605482173820397,1.135178986650191,0.060769178668353234,0.12842276004878872,
file_block5,1,r2_then_dt,0.75,28.458488902355725,0.06241488347040215,0.12192263141532896,939,0.997172056527743,0.8952340467260785,0.9453013614798286,1.0642433539215888,1.1438441647201503,0.059639653790504614,0.12465758359683587,
file_block5,1,xy_quad,1.0,37.944651869807636,0.06725906109523293,0.12956458059933376,939,1.0005697597784184,0.8948614258732436,0.9448214542231688,1.0764044982177434,1.1751181734889404,0.06575405797978265,0.1400485797600765,
file_block5,1,dt_then_xy,1.0,37.944651869807636,0.06466938084502964,0.12784278837073257,939,1.0007319687888696,0.8922013007614273,0.9445974256915796,1.0783734412976684,1.1641199142105754,0.06683908367991409,0.135859861546262,
file_block5,1,dt_r2_then_xy,0.42489062049196813,16.122326677314284,0.0566578061401608,0.11403096035439159,939,0.9992267762002074,0.8894985249092522,0.9370651924619028,1.0585590896948236,1.1293325241839098,0.060793955950084556,0.1200097940663091,
file_block5,1,nested_winner,0.42489062049196813,16.122326677314284,0.0566578061401608,0.11403096035439159,939,0.9992267762002074,0.8894985249092522,0.9370651924619028,1.0585590896948236,1.1293325241839098,0.060793955950084556,0.1200097940663091,dt_r2_then_xy
file_block5,2,raw,1.5,57.26261895792113,0.08021059361890019,0.15140649877004145,928,1.0025183400733135,0.8856082222400044,0.9388311096568417,1.0971365161319486,1.181772636843188,0.07895387054142579,0.14771022272845669,
file_block5,2,dt_quad,1.5341274046343907,58.565435336322395,0.07540776697948559,0.14442970921325457,928,1.0018851951909853,0.8980823197826966,0.9400589258230589,1.0908723754677054,1.178570793851768,0.07526483591560484,0.1399803467579951,
file_block5,2,r2_quad,0.75,28.631309478960564,0.06321027728048717,0.12597765502582609,928,1.0003688452287056,0.8973782049760639,0.9447055004141728,1.0734951210026047,1.1373961055730302,0.06437106733316343,0.1199647018905777,
file_block5,2,dt_r2_joint,0.75,28.631309478960564,0.06300191086154078,0.1280297405683933,928,1.0006839273267978,0.9073496744756306,0.9474079201135577,1.0676632605280543,1.1498380932467618,0.060086575356388366,0.12116134383156762,
file_block5,2,dt_then_r2,1.0,38.175079305280754,0.06336531996021795,0.12522686601743058,928,1.0004696488661478,0.8950071900880614,0.9429668549026039,1.0745226911897137,1.1330162845435194,0.06574704012070962,0.11894868311357495,
file_block5,2,r2_then_dt,1.0,38.175079305280754,0.06108825120421879,0.12174316166035754,928,1.0003933778322192,0.8986228574635882,0.9452297811588297,1.0738275922266982,1.1366907058436349,0.06427362171595476,0.11898711729575953,
file_block5,2,xy_quad,1.0,38.175079305280754,0.06695860745775972,0.131445916306218,928,0.9998475943768723,0.8918897610938883,0.944257980262965,1.0795731426380204,1.1580047075419582,0.06766789415510213,0.13307775502221353,
file_block5,2,dt_then_xy,0.75,28.631309478960564,0.06546866179198922,0.12941176293335366,928,1.0008530779077474,0.8770101851052278,0.9362340145926838,1.0664801195756517,1.1465072172537734,0.06506754480649814,0.1346336630706681,
file_block5,2,dt_r2_then_xy,0.75,28.631309478960564,0.05847066256313664,0.1163750924870904,928,0.9995435736638228,0.8953458256349407,0.9473248607748886,1.0730167310099898,1.1414754908480145,0.06287463275581782,0.12312102828638401,
file_block5,2,nested_winner,0.75,28.631309478960564,0.05847066256313664,0.1163750924870904,928,0.9995435736638228,0.8953458256349407,0.9473248607748886,1.0730167310099898,1.1414754908480145,0.06287463275581782,0.12312102828638401,dt_r2_then_xy
file_block5,3,raw,1.0,38.20035279955024,0.08052521139916677,0.14790972235985664,873,0.9986827646930844,0.8732588469366621,0.9311107700582606,1.0916487796945067,1.1699177359534236,0.08037487744448193,0.14852508699693584,
file_block5,3,dt_quad,1.5,57.30052919932536,0.0756674406023635,0.14416026714070046,873,1.0010124577116124,0.892593335702175,0.9367198779829204,1.084622897736592,1.1720891291756692,0.07387671282922322,0.13960655100758784,
file_block5,3,r2_quad,0.75,28.65026459966268,0.0638276070128445,0.12569019705038156,873,1.000096393207195,0.8943727730116801,0.9422283467676867,1.0670583341483446,1.1351789177317193,0.06240897788879248,0.12039146744035414,
file_block5,3,dt_r2_joint,0.75,28.65026459966268,0.061965422253232635,0.12886154790099577,873,1.000812304313777,0.9026578297354675,0.9426580788176535,1.0705964204454128,1.1372843933368468,0.06391725055552862,0.11721806506078819,
file_block5,3,dt_then_r2,0.75,28.65026459966268,0.06423782894548513,0.12447060205083811,873,1.000547230346882,0.8804211172099008,0.9349191054907343,1.0581224519211427,1.125285335873272,0.06156798134741463,0.12236514740962233,
file_block5,3,r2_then_dt,0.75,28.65026459966268,0.06232467601639364,0.12343214155128486,873,1.0016784148659124,0.893975157317118,0.9412632697210402,1.0617570996225398,1.131264654497936,0.060145965068853585,0.11844594715190214,
file_block5,3,xy_quad,1.0,38.20035279955024,0.06788659219540678,0.13115235769453717,873,1.0014154667751134,0.8969756026324966,0.9391062928584119,1.0747903297856665,1.1529778047158872,0.0677461260730283,0.1278201758296193,
file_block5,3,dt_then_xy,1.0,38.20035279955024,0.06589762663038948,0.1287715983281521,873,1.0013999089238217,0.8908622141180359,0.9384596199963685,1.0687759027943273,1.138564168550818,0.06506705345020768,0.1236778395051888,
file_block5,3,dt_r2_then_xy,0.42489062049196813,16.230971604012993,0.05905781243392146,0.1173782503382244,873,1.0025368866151085,0.8947580702940741,0.9420935034928664,1.0550574620102533,1.118734531694627,0.05633905346804251,0.11170484816612117,
file_block5,3,nested_winner,0.42489062049196813,16.230971604012993,0.05905781243392146,0.1173782503382244,873,1.0025368866151085,0.8947580702940741,0.9420935034928664,1.0550574620102533,1.118734531694627,0.05633905346804251,0.11170484816612117,dt_r2_then_xy
file_block5,4,raw,1.5,57.2899235941636,0.0793283101721105,0.15007839227312494,891,0.9983629941068195,0.8806396178449563,0.9330089906643445,1.098301587972446,1.185743336135193,0.08278181296973038,0.15280199691455726,
file_block5,4,dt_quad,1.5,57.2899235941636,0.07560654995504396,0.142247512052454,891,1.000504446829621,0.8808551182217532,0.935989970395213,1.0867545206440223,1.1753688121347436,0.07534426794730853,0.1471826011599647,
file_block5,4,r2_quad,0.75,28.6449617970818,0.0631567416204168,0.12365337990027057,891,0.9996652349168753,0.8935720441378765,0.9380961678960328,1.0670101567070662,1.1477787513260533,0.06447857958257044,0.12714591760776534,
file_block5,4,dt_r2_joint,0.75,28.6449617970818,0.06183817815177953,0.12478263685442222,891,0.9990029711455991,0.898221327690659,0.9374618981519186,1.0676748904158841,1.1543422101253276,0.06517147397201671,0.1281882485999836,
file_block5,4,dt_then_r2,1.0,38.19328239610906,0.0628214634633687,0.1222310020984266,891,1.0007029995909051,0.8824655291102086,0.9356635899974812,1.0696872667899702,1.1416808434445525,0.06696476219581575,0.1295166070454036,
file_block5,4,r2_then_dt,1.0,38.19328239610906,0.06084632826650456,0.12070935213316038,891,0.9998560125417236,0.8937876018014885,0.9376467077966779,1.0665093481694015,1.1377680001835588,0.0644405988243963,0.12200776677926367,
file_block5,4,xy_quad,1.0,38.19328239610906,0.06611586769964024,0.13002024509589835,891,0.995314140484376,0.8888663975132282,0.9362262272577925,1.0717918473867718,1.1507326739429296,0.06810192612304565,0.1315495609769306,
file_block5,4,dt_then_xy,0.75,28.6449617970818,0.06455711488773919,0.12892831262318108,891,0.9971715918767339,0.8728552416244915,0.9268112944428872,1.0609989665411579,1.1317266119805036,0.06728414306595006,0.12980282053001602,
file_block5,4,dt_r2_then_xy,0.6518363448688389,24.8957695956231,0.05909401703832498,0.11686794301569091,891,0.9976402712386799,0.8956217767374043,0.9411119211434101,1.0606056060115023,1.1306136673566665,0.05988816225297705,0.11777385967363464,
file_block5,4,nested_winner,0.6518363448688389,24.8957695956231,0.05909401703832498,0.11686794301569091,891,0.9976402712386799,0.8956217767374043,0.9411119211434101,1.0606056060115023,1.1306136673566665,0.05988816225297705,0.11777385967363464,dt_r2_then_xy
